,dynamic,ensemble,rcp,ssp,gcm,ebm,emic,fixed_long,fixed_lat,min,hours,days,years,prognosis
0,1,0,0,0,0,1,0,0,0,0,1,0,0,CLIMLAB 
1,1,0,0,0,0,1,0,0,0,0,1,0,0,CLIMLAB 
2,1,0,0,0,0,1,0,0,0,0,1,0,0,CLIMLAB 
3,1,0,0,0,0,1,0,0,0,0,1,0,0,CLIMLAB 
4,1,0,0,0,0,1,0,0,0,0,1,0,0,CLIMLAB 
5,1,0,0,0,0,1,0,0,0,0,1,0,0,CLIMLAB 
6,1,0,0,0,0,1,0,0,0,0,1,0,0,CLIMLAB 
7,1,0,0,0,0,1,0,0,0,0,1,0,0,CLIMLAB 
8,1,0,0,0,0,1,0,0,0,0,1,0,0,CLIMLAB 
9,1,0,0,0,0,1,0,0,0,0,1,0,0,CLIMLAB 
10,1,0,1,0,1,0,0,1,1,0,0,0,1,CMIP5
11,1,0,1,0,1,0,0,1,1,0,0,0,1,CMIP5
12,1,0,1,0,1,0,0,1,1,0,0,0,1,CMIP5
13,1,0,1,0,1,0,0,1,1,0,0,0,1,CMIP5
14,1,0,1,0,1,0,0,1,1,0,0,0,1,CMIP5
15,1,0,1,0,1,0,0,1,1,0,0,0,1,CMIP5
16,1,0,1,0,1,0,0,1,1,0,0,0,1,CMIP5
17,1,0,1,0,1,0,0,1,1,0,0,0,1,CMIP5
18,1,0,1,0,1,0,0,1,1,0,0,0,1,CMIP5
19,1,0,1,0,1,0,0,1,1,0,0,0,1,CMIP5
20,0,1,0,0,1,0,0,0,0,0,0,1,0,CFSv2
21,0,1,0,0,1,0,0,0,0,0,0,1,0,CFSv2
22,0,1,0,0,1,0,0,0,0,0,0,1,0,CFSv2
23,0,1,0,0,1,0,0,0,0,0,0,1,0,CFSv2
24,0,1,0,0,1,0,0,0,0,0,0,1,0,CFSv2
25,0,1,0,0,1,0,0,0,0,0,0,1,0,CFSv2
26,0,1,0,0,1,0,0,0,0,0,0,1,0,CFSv2
27,0,1,0,0,1,0,0,0,0,0,0,1,0,CFSv2
28,0,1,0,0,1,0,0,0,0,0,0,1,0,CFSv2
29,0,1,0,0,1,0,0,0,0,0,0,1,0,CFSv2
30,1,0,0,0,1,1,1,1,1,0,0,0,1,SYMPL CLIMT
31,1,0,0,0,1,1,1,1,1,0,0,0,1,SYMPL CLIMT
32,1,0,0,0,1,1,1,1,1,0,0,0,1,SYMPL CLIMT
33,1,0,0,0,1,1,1,1,1,0,0,0,1,SYMPL CLIMT
34,1,0,0,0,1,1,1,1,1,0,0,0,1,SYMPL CLIMT
35,1,0,0,0,1,1,1,1,1,0,0,0,1,SYMPL CLIMT
36,1,0,0,0,1,1,1,1,1,0,0,0,1,SYMPL CLIMT
37,1,0,0,0,1,1,1,1,1,0,0,0,1,SYMPL CLIMT
38,1,0,0,0,1,1,1,1,1,0,0,0,1,SYMPL CLIMT
39,1,0,0,0,1,1,1,1,1,0,0,0,1,SYMPL CLIMT
40,1,0,0,0,0,0,0,1,1,0,0,0,1,CCSM3
41,1,0,0,0,0,0,0,1,1,0,0,0,1,CCSM3
42,1,0,0,0,0,0,0,1,1,0,0,0,1,CCSM3
43,1,0,0,0,0,0,0,1,1,0,0,0,1,CCSM3
44,1,0,0,0,0,0,0,1,1,0,0,0,1,CCSM3
45,1,0,0,0,0,0,0,1,1,0,0,0,1,CCSM3
46,1,0,0,0,0,0,0,1,1,0,0,0,1,CCSM3
47,1,0,0,0,0,0,0,1,1,0,0,0,1,CCSM3
48,1,0,0,0,0,0,0,1,1,0,0,0,1,CCSM3
49,1,0,0,0,0,0,0,1,1,0,0,0,1,CCSM3
50,1,0,0,0,0,0,0,1,1,0,0,0,1,CGCM3.1
51,1,0,0,0,0,0,0,1,1,0,0,0,1,CGCM3.1
52,1,0,0,0,0,0,0,1,1,0,0,0,1,CGCM3.1
53,1,0,0,0,0,0,0,1,1,0,0,0,1,CGCM3.1
54,1,0,0,0,0,0,0,1,1,0,0,0,1,CGCM3.1
55,1,0,0,0,0,0,0,1,1,0,0,0,1,CGCM3.1
56,1,0,0,0,0,0,0,1,1,0,0,0,1,CGCM3.1
57,1,0,0,0,0,0,0,1,1,0,0,0,1,CGCM3.1
58,1,0,0,0,0,0,0,1,1,0,0,0,1,CGCM3.1
59,1,0,0,0,0,0,0,1,1,0,0,0,1,CGCM3.1
60,1,0,0,0,0,0,0,1,1,0,0,0,1,CGCM3.1
61,1,0,0,0,0,0,0,1,1,0,0,0,1,CNRM-CM3
62,1,0,0,0,0,0,0,1,1,0,0,0,1,CNRM-CM3
63,1,0,0,0,0,0,0,1,1,0,0,0,1,CNRM-CM3
64,1,0,0,0,0,0,0,1,1,0,0,0,1,CNRM-CM3
65,1,0,0,0,0,0,0,1,1,0,0,0,1,CNRM-CM3
66,1,0,0,0,0,0,0,1,1,0,0,0,1,CNRM-CM3
67,1,0,0,0,0,0,0,1,1,0,0,0,1,CNRM-CM3
68,1,0,0,0,0,0,0,1,1,0,0,0,1,CNRM-CM3
69,1,0,0,0,0,0,0,1,1,0,0,0,1,CNRM-CM3
70,1,0,0,0,0,0,0,1,1,0,0,0,1,CSIRO-MK3.0
71,1,0,0,0,0,0,0,1,1,0,0,0,1,CSIRO-MK3.0
72,1,0,0,0,0,0,0,1,1,0,0,0,1,CSIRO-MK3.0
73,1,0,0,0,0,0,0,1,1,0,0,0,1,CSIRO-MK3.0
74,1,0,0,0,0,0,0,1,1,0,0,0,1,CSIRO-MK3.0
75,1,0,0,0,0,0,0,1,1,0,0,0,1,CSIRO-MK3.0
76,1,0,0,0,0,0,0,1,1,0,0,0,1,CSIRO-MK3.0
77,1,0,0,0,0,0,0,1,1,0,0,0,1,CSIRO-MK3.0
78,1,0,0,0,0,0,0,1,1,0,0,0,1,CSIRO-MK3.0
79,1,0,0,0,0,0,0,1,1,0,0,0,1,ECHAM5/MPI-OM
80,1,0,0,0,0,0,0,1,1,0,0,0,1,ECHAM5/MPI-OM
81,1,0,0,0,0,0,0,1,1,0,0,0,1,ECHAM5/MPI-OM
82,1,0,0,0,0,0,0,1,1,0,0,0,1,ECHAM5/MPI-OM
83,1,0,0,0,0,0,0,1,1,0,0,0,1,ECHAM5/MPI-OM
84,1,0,0,0,0,0,0,1,1,0,0,0,1,ECHAM5/MPI-OM
85,1,0,0,0,0,0,0,1,1,0,0,0,1,ECHAM5/MPI-OM
86,1,0,0,0,0,0,0,1,1,0,0,0,1,ECHAM5/MPI-OM
87,1,0,0,0,0,0,0,1,1,0,0,0,1,ECHAM5/MPI-OM
88,1,0,0,0,0,0,0,1,1,0,0,0,1,ECHO-G
89,1,0,0,0,0,0,0,1,1,0,0,0,1,ECHO-G
90,1,0,0,0,0,0,0,1,1,0,0,0,1,ECHO-G
91,1,0,0,0,0,0,0,1,1,0,0,0,1,ECHO-G
92,1,0,0,0,0,0,0,1,1,0,0,0,1,ECHO-G
93,1,0,0,0,0,0,0,1,1,0,0,0,1,ECHO-G
94,1,0,0,0,0,0,0,1,1,0,0,0,1,ECHO-G
95,1,0,0,0,0,0,0,1,1,0,0,0,1,ECHO-G
96,1,0,0,0,0,0,0,1,1,0,0,0,1,ECHO-G
97,1,0,0,0,0,0,0,1,1,0,0,0,1,FGOALS-g1.0
98,1,0,0,0,0,0,0,1,1,0,0,0,1,FGOALS-g1.0
99,1,0,0,0,0,0,0,1,1,0,0,0,1,FGOALS-g1.0
100,1,0,0,0,0,0,0,1,1,0,0,0,1,FGOALS-g1.0
101,1,0,0,0,0,0,0,1,1,0,0,0,1,FGOALS-g1.0
102,1,0,0,0,0,0,0,1,1,0,0,0,1,FGOALS-g1.0
103,1,0,0,0,0,0,0,1,1,0,0,0,1,FGOALS-g1.0
104,1,0,0,0,0,0,0,1,1,0,0,0,1,FGOALS-g1.0
105,1,0,0,0,0,0,0,1,1,0,0,0,1,FGOALS-g1.0
106,1,0,0,0,0,0,0,1,1,0,0,0,1,FGOALS-g1.0
107,1,0,0,0,0,0,0,1,1,0,0,0,1,FGOALS-g1.0
108,1,0,0,0,0,0,0,1,1,0,0,0,1,FGOALS-g1.0
109,1,0,0,0,0,0,0,1,1,0,0,0,1,MRI-CGM2.3.2
110,1,0,0,0,0,0,0,1,1,0,0,0,1,MRI-CGM2.3.2
111,1,0,0,0,0,0,0,1,1,0,0,0,1,MRI-CGM2.3.2
112,1,0,0,0,0,0,0,1,1,0,0,0,1,MRI-CGM2.3.2
113,1,0,0,0,0,0,0,1,1,0,0,0,1,MRI-CGM2.3.2
114,1,0,0,0,0,0,0,1,1,0,0,0,1,MRI-CGM2.3.2
115,1,0,0,0,0,0,0,1,1,0,0,0,1,MRI-CGM2.3.2
116,1,0,0,0,0,0,0,1,1,0,0,0,1,PCM
117,1,0,0,0,0,0,0,1,1,0,0,0,1,PCM
118,1,0,0,0,0,0,0,1,1,0,0,0,1,PCM
119,1,0,0,0,0,0,0,1,1,0,0,0,1,PCM
120,1,0,0,0,0,0,0,1,1,0,0,0,1,PCM
121,1,0,0,0,0,0,0,1,1,0,0,0,1,PCM
122,1,0,0,0,0,0,0,1,1,0,0,0,1,PCM
123,1,0,0,0,0,0,0,1,1,0,0,0,1,PCM
124,1,0,0,0,0,0,0,1,1,0,0,0,1,UKMO-HadCM3
125,1,0,0,0,0,0,0,1,1,0,0,0,1,UKMO-HadCM3
126,1,0,0,0,0,0,0,1,1,0,0,0,1,UKMO-HadCM3
127,1,0,0,0,0,0,0,1,1,0,0,0,1,UKMO-HadCM3
128,1,0,0,0,0,0,0,1,1,0,0,0,1,UKMO-HadCM3
129,1,0,0,0,0,0,0,1,1,0,0,0,1,UKMO-HadCM3
130,1,0,0,0,0,0,0,1,1,0,0,0,1,UKMO-HadGEM
131,1,0,0,0,0,0,0,1,1,0,0,0,1,UKMO-HadGEM
132,1,0,0,0,0,0,0,1,1,0,0,0,1,UKMO-HadGEM
133,1,0,0,0,0,0,0,1,1,0,0,0,1,UKMO-HadGEM
134,1,0,0,0,0,0,0,1,1,0,0,0,1,UKMO-HadGEM
135,1,0,0,0,0,0,0,1,1,0,0,0,1,UKMO-HadGEM
136,1,0,0,0,0,1,0,0,0,0,1,0,0,CLIMLAB 
137,1,0,0,0,0,1,0,0,0,0,1,0,0,CLIMLAB 
138,1,0,0,0,0,1,0,0,0,0,1,0,0,CLIMLAB 
139,1,0,0,0,0,1,0,0,0,0,1,0,0,CLIMLAB 
140,1,0,0,0,0,1,0,0,0,0,1,0,0,CLIMLAB 
141,1,0,0,0,0,1,0,0,0,0,1,0,0,CLIMLAB 
142,1,0,0,0,0,1,0,0,0,0,1,0,0,CLIMLAB 
143,1,0,0,0,0,1,0,0,0,0,1,0,0,CLIMLAB 
144,1,0,0,0,0,1,0,0,0,0,1,0,0,CLIMLAB 
145,1,0,0,0,0,1,0,0,0,0,1,0,0,CLIMLAB 
146,1,0,1,0,1,0,0,1,1,0,0,0,1,CMIP5
147,1,0,1,0,1,0,0,1,1,0,0,0,1,CMIP5
148,1,0,1,0,1,0,0,1,1,0,0,0,1,CMIP5
149,1,0,1,0,1,0,0,1,1,0,0,0,1,CMIP5
150,1,0,1,0,1,0,0,1,1,0,0,0,1,CMIP5
151,1,0,1,0,1,0,0,1,1,0,0,0,1,CMIP5
152,1,0,1,0,1,0,0,1,1,0,0,0,1,CMIP5
153,1,0,1,0,1,0,0,1,1,0,0,0,1,CMIP5
154,1,0,1,0,1,0,0,1,1,0,0,0,1,CMIP5
155,1,0,1,0,1,0,0,1,1,0,0,0,1,CMIP5
156,0,1,0,0,1,0,0,0,0,0,0,1,0,CFSv2
157,0,1,0,0,1,0,0,0,0,0,0,1,0,CFSv2
158,0,1,0,0,1,0,0,0,0,0,0,1,0,CFSv2
159,0,1,0,0,1,0,0,0,0,0,0,1,0,CFSv2
160,0,1,0,0,1,0,0,0,0,0,0,1,0,CFSv2
161,0,1,0,0,1,0,0,0,0,0,0,1,0,CFSv2
162,0,1,0,0,1,0,0,0,0,0,0,1,0,CFSv2
163,0,1,0,0,1,0,0,0,0,0,0,1,0,CFSv2
164,0,1,0,0,1,0,0,0,0,0,0,1,0,CFSv2
165,0,1,0,0,1,0,0,0,0,0,0,1,0,CFSv2
166,1,0,0,0,1,1,1,1,1,0,0,0,1,SYMPL CLIMT
167,1,0,0,0,1,1,1,1,1,0,0,0,1,SYMPL CLIMT
168,1,0,0,0,1,1,1,1,1,0,0,0,1,SYMPL CLIMT
169,1,0,0,0,1,1,1,1,1,0,0,0,1,SYMPL CLIMT
170,1,0,0,0,1,1,1,1,1,0,0,0,1,SYMPL CLIMT
171,1,0,0,0,1,1,1,1,1,0,0,0,1,SYMPL CLIMT
172,1,0,0,0,1,1,1,1,1,0,0,0,1,SYMPL CLIMT
173,1,0,0,0,1,1,1,1,1,0,0,0,1,SYMPL CLIMT
174,1,0,0,0,1,1,1,1,1,0,0,0,1,SYMPL CLIMT
175,1,0,0,0,1,1,1,1,1,0,0,0,1,SYMPL CLIMT
176,1,0,0,0,0,0,0,1,1,0,0,0,1,CCSM3
177,1,0,0,0,0,0,0,1,1,0,0,0,1,CCSM3
178,1,0,0,0,0,0,0,1,1,0,0,0,1,CCSM3
179,1,0,0,0,0,0,0,1,1,0,0,0,1,CCSM3
180,1,0,0,0,0,0,0,1,1,0,0,0,1,CCSM3
181,1,0,0,0,0,0,0,1,1,0,0,0,1,CCSM3
182,1,0,0,0,0,0,0,1,1,0,0,0,1,CCSM3
183,1,0,0,0,0,0,0,1,1,0,0,0,1,CCSM3
184,1,0,0,0,0,0,0,1,1,0,0,0,1,CCSM3
185,1,0,0,0,0,0,0,1,1,0,0,0,1,CCSM3
186,1,0,0,0,0,0,0,1,1,0,0,0,1,CGCM3.1
187,1,0,0,0,0,0,0,1,1,0,0,0,1,CGCM3.1
188,1,0,0,0,0,0,0,1,1,0,0,0,1,CGCM3.1
189,1,0,0,0,0,0,0,1,1,0,0,0,1,CGCM3.1
190,1,0,0,0,0,0,0,1,1,0,0,0,1,CGCM3.1
191,1,0,0,0,0,0,0,1,1,0,0,0,1,CGCM3.1
192,1,0,0,0,0,0,0,1,1,0,0,0,1,CGCM3.1
193,1,0,0,0,0,0,0,1,1,0,0,0,1,CGCM3.1
194,1,0,0,0,0,0,0,1,1,0,0,0,1,CGCM3.1
195,1,0,0,0,0,0,0,1,1,0,0,0,1,CGCM3.1
196,1,0,0,0,0,0,0,1,1,0,0,0,1,CGCM3.1
197,1,0,0,0,0,0,0,1,1,0,0,0,1,CNRM-CM3
198,1,0,0,0,0,0,0,1,1,0,0,0,1,CNRM-CM3
199,1,0,0,0,0,0,0,1,1,0,0,0,1,CNRM-CM3
200,1,0,0,0,0,0,0,1,1,0,0,0,1,CNRM-CM3
201,1,0,0,0,0,0,0,1,1,0,0,0,1,CNRM-CM3
202,1,0,0,0,0,0,0,1,1,0,0,0,1,CNRM-CM3
203,1,0,0,0,0,0,0,1,1,0,0,0,1,CNRM-CM3
204,1,0,0,0,0,0,0,1,1,0,0,0,1,CNRM-CM3
205,1,0,0,0,0,0,0,1,1,0,0,0,1,CNRM-CM3
206,1,0,0,0,0,0,0,1,1,0,0,0,1,CSIRO-MK3.0
207,1,0,0,0,0,0,0,1,1,0,0,0,1,CSIRO-MK3.0
208,1,0,0,0,0,0,0,1,1,0,0,0,1,CSIRO-MK3.0
209,1,0,0,0,0,0,0,1,1,0,0,0,1,CSIRO-MK3.0
210,1,0,0,0,0,0,0,1,1,0,0,0,1,CSIRO-MK3.0
211,1,0,0,0,0,0,0,1,1,0,0,0,1,CSIRO-MK3.0
212,1,0,0,0,0,0,0,1,1,0,0,0,1,CSIRO-MK3.0
213,1,0,0,0,0,0,0,1,1,0,0,0,1,CSIRO-MK3.0
214,1,0,0,0,0,0,0,1,1,0,0,0,1,CSIRO-MK3.0
215,1,0,0,0,0,0,0,1,1,0,0,0,1,ECHAM5/MPI-OM
216,1,0,0,0,0,0,0,1,1,0,0,0,1,ECHAM5/MPI-OM
217,1,0,0,0,0,0,0,1,1,0,0,0,1,ECHAM5/MPI-OM
218,1,0,0,0,0,0,0,1,1,0,0,0,1,ECHAM5/MPI-OM
219,1,0,0,0,0,0,0,1,1,0,0,0,1,ECHAM5/MPI-OM
220,1,0,0,0,0,0,0,1,1,0,0,0,1,ECHAM5/MPI-OM
221,1,0,0,0,0,0,0,1,1,0,0,0,1,ECHAM5/MPI-OM
222,1,0,0,0,0,0,0,1,1,0,0,0,1,ECHAM5/MPI-OM
223,1,0,0,0,0,0,0,1,1,0,0,0,1,ECHAM5/MPI-OM
224,1,0,0,0,0,0,0,1,1,0,0,0,1,ECHO-G
225,1,0,0,0,0,0,0,1,1,0,0,0,1,ECHO-G
226,1,0,0,0,0,0,0,1,1,0,0,0,1,ECHO-G
227,1,0,0,0,0,0,0,1,1,0,0,0,1,ECHO-G
228,1,0,0,0,0,0,0,1,1,0,0,0,1,ECHO-G
229,1,0,0,0,0,0,0,1,1,0,0,0,1,ECHO-G
230,1,0,0,0,0,0,0,1,1,0,0,0,1,ECHO-G
231,1,0,0,0,0,0,0,1,1,0,0,0,1,ECHO-G
232,1,0,0,0,0,0,0,1,1,0,0,0,1,ECHO-G
233,1,0,0,0,0,0,0,1,1,0,0,0,1,FGOALS-g1.0
234,1,0,0,0,0,0,0,1,1,0,0,0,1,FGOALS-g1.0
235,1,0,0,0,0,0,0,1,1,0,0,0,1,FGOALS-g1.0
236,1,0,0,0,0,0,0,1,1,0,0,0,1,FGOALS-g1.0
237,1,0,0,0,0,0,0,1,1,0,0,0,1,FGOALS-g1.0
238,1,0,0,0,0,0,0,1,1,0,0,0,1,FGOALS-g1.0
239,1,0,0,0,0,0,0,1,1,0,0,0,1,FGOALS-g1.0
240,1,0,0,0,0,0,0,1,1,0,0,0,1,FGOALS-g1.0
241,1,0,0,0,0,0,0,1,1,0,0,0,1,FGOALS-g1.0
242,1,0,0,0,0,0,0,1,1,0,0,0,1,FGOALS-g1.0
243,1,0,0,0,0,0,0,1,1,0,0,0,1,FGOALS-g1.0
244,1,0,0,0,0,0,0,1,1,0,0,0,1,FGOALS-g1.0
245,1,0,0,0,0,0,0,1,1,0,0,0,1,MRI-CGM2.3.2
246,1,0,0,0,0,0,0,1,1,0,0,0,1,MRI-CGM2.3.2
247,1,0,0,0,0,0,0,1,1,0,0,0,1,MRI-CGM2.3.2
248,1,0,0,0,0,0,0,1,1,0,0,0,1,MRI-CGM2.3.2
249,1,0,0,0,0,0,0,1,1,0,0,0,1,MRI-CGM2.3.2
250,1,0,0,0,0,0,0,1,1,0,0,0,1,MRI-CGM2.3.2
251,1,0,0,0,0,0,0,1,1,0,0,0,1,MRI-CGM2.3.2
252,1,0,0,0,0,0,0,1,1,0,0,0,1,PCM
253,1,0,0,0,0,0,0,1,1,0,0,0,1,PCM
254,1,0,0,0,0,0,0,1,1,0,0,0,1,PCM
255,1,0,0,0,0,0,0,1,1,0,0,0,1,PCM
256,1,0,0,0,0,0,0,1,1,0,0,0,1,PCM
257,1,0,0,0,0,0,0,1,1,0,0,0,1,PCM
258,1,0,0,0,0,0,0,1,1,0,0,0,1,PCM
259,1,0,0,0,0,0,0,1,1,0,0,0,1,PCM
260,1,0,0,0,0,0,0,1,1,0,0,0,1,UKMO-HadCM3
261,1,0,0,0,0,0,0,1,1,0,0,0,1,UKMO-HadCM3
262,1,0,0,0,0,0,0,1,1,0,0,0,1,UKMO-HadCM3
263,1,0,0,0,0,0,0,1,1,0,0,0,1,UKMO-HadCM3
264,1,0,0,0,0,0,0,1,1,0,0,0,1,UKMO-HadCM3
265,1,0,0,0,0,0,0,1,1,0,0,0,1,UKMO-HadCM3
266,1,0,0,0,0,0,0,1,1,0,0,0,1,UKMO-HadGEM
267,1,0,0,0,0,0,0,1,1,0,0,0,1,UKMO-HadGEM
268,1,0,0,0,0,0,0,1,1,0,0,0,1,UKMO-HadGEM
269,1,0,0,0,0,0,0,1,1,0,0,0,1,UKMO-HadGEM
270,1,0,0,0,0,0,0,1,1,0,0,0,1,UKMO-HadGEM
271,1,0,0,0,0,0,0,1,1,0,0,0,1,UKMO-HadGEM
272,1,0,0,0,0,1,0,0,0,0,1,0,0,CLIMLAB 
273,1,0,0,0,0,1,0,0,0,0,1,0,0,CLIMLAB 
274,1,0,0,0,0,1,0,0,0,0,1,0,0,CLIMLAB 
275,1,0,0,0,0,1,0,0,0,0,1,0,0,CLIMLAB 
276,1,0,0,0,0,1,0,0,0,0,1,0,0,CLIMLAB 
277,1,0,0,0,0,1,0,0,0,0,1,0,0,CLIMLAB 
278,1,0,0,0,0,1,0,0,0,0,1,0,0,CLIMLAB 
279,1,0,0,0,0,1,0,0,0,0,1,0,0,CLIMLAB 
280,1,0,0,0,0,1,0,0,0,0,1,0,0,CLIMLAB 
281,1,0,0,0,0,1,0,0,0,0,1,0,0,CLIMLAB 
282,1,0,1,0,1,0,0,1,1,0,0,0,1,CMIP5
283,1,0,1,0,1,0,0,1,1,0,0,0,1,CMIP5
284,1,0,1,0,1,0,0,1,1,0,0,0,1,CMIP5
285,1,0,1,0,1,0,0,1,1,0,0,0,1,CMIP5
286,1,0,1,0,1,0,0,1,1,0,0,0,1,CMIP5
287,1,0,1,0,1,0,0,1,1,0,0,0,1,CMIP5
288,1,0,1,0,1,0,0,1,1,0,0,0,1,CMIP5
289,1,0,1,0,1,0,0,1,1,0,0,0,1,CMIP5
290,1,0,1,0,1,0,0,1,1,0,0,0,1,CMIP5
291,1,0,1,0,1,0,0,1,1,0,0,0,1,CMIP5
292,0,1,0,0,1,0,0,0,0,0,0,1,0,CFSv2
293,0,1,0,0,1,0,0,0,0,0,0,1,0,CFSv2
294,0,1,0,0,1,0,0,0,0,0,0,1,0,CFSv2
295,0,1,0,0,1,0,0,0,0,0,0,1,0,CFSv2
296,0,1,0,0,1,0,0,0,0,0,0,1,0,CFSv2
297,0,1,0,0,1,0,0,0,0,0,0,1,0,CFSv2
298,0,1,0,0,1,0,0,0,0,0,0,1,0,CFSv2
299,0,1,0,0,1,0,0,0,0,0,0,1,0,CFSv2
300,0,1,0,0,1,0,0,0,0,0,0,1,0,CFSv2
301,0,1,0,0,1,0,0,0,0,0,0,1,0,CFSv2
302,1,0,0,0,1,1,1,1,1,0,0,0,1,SYMPL CLIMT
303,1,0,0,0,1,1,1,1,1,0,0,0,1,SYMPL CLIMT
304,1,0,0,0,1,1,1,1,1,0,0,0,1,SYMPL CLIMT
305,1,0,0,0,1,1,1,1,1,0,0,0,1,SYMPL CLIMT
306,1,0,0,0,1,1,1,1,1,0,0,0,1,SYMPL CLIMT
307,1,0,0,0,1,1,1,1,1,0,0,0,1,SYMPL CLIMT
308,1,0,0,0,1,1,1,1,1,0,0,0,1,SYMPL CLIMT
309,1,0,0,0,1,1,1,1,1,0,0,0,1,SYMPL CLIMT
310,1,0,0,0,1,1,1,1,1,0,0,0,1,SYMPL CLIMT
311,1,0,0,0,1,1,1,1,1,0,0,0,1,SYMPL CLIMT
312,1,0,0,0,0,0,0,1,1,0,0,0,1,CCSM3
313,1,0,0,0,0,0,0,1,1,0,0,0,1,CCSM3
314,1,0,0,0,0,0,0,1,1,0,0,0,1,CCSM3
315,1,0,0,0,0,0,0,1,1,0,0,0,1,CCSM3
316,1,0,0,0,0,0,0,1,1,0,0,0,1,CCSM3
317,1,0,0,0,0,0,0,1,1,0,0,0,1,CCSM3
318,1,0,0,0,0,0,0,1,1,0,0,0,1,CCSM3
319,1,0,0,0,0,0,0,1,1,0,0,0,1,CCSM3
320,1,0,0,0,0,0,0,1,1,0,0,0,1,CCSM3
321,1,0,0,0,0,0,0,1,1,0,0,0,1,CCSM3
322,1,0,0,0,0,0,0,1,1,0,0,0,1,CGCM3.1
323,1,0,0,0,0,0,0,1,1,0,0,0,1,CGCM3.1
324,1,0,0,0,0,0,0,1,1,0,0,0,1,CGCM3.1
325,1,0,0,0,0,0,0,1,1,0,0,0,1,CGCM3.1
326,1,0,0,0,0,0,0,1,1,0,0,0,1,CGCM3.1
327,1,0,0,0,0,0,0,1,1,0,0,0,1,CGCM3.1
328,1,0,0,0,0,0,0,1,1,0,0,0,1,CGCM3.1
329,1,0,0,0,0,0,0,1,1,0,0,0,1,CGCM3.1
330,1,0,0,0,0,0,0,1,1,0,0,0,1,CGCM3.1
331,1,0,0,0,0,0,0,1,1,0,0,0,1,CGCM3.1
332,1,0,0,0,0,0,0,1,1,0,0,0,1,CGCM3.1
333,1,0,0,0,0,0,0,1,1,0,0,0,1,CNRM-CM3
334,1,0,0,0,0,0,0,1,1,0,0,0,1,CNRM-CM3
335,1,0,0,0,0,0,0,1,1,0,0,0,1,CNRM-CM3
336,1,0,0,0,0,0,0,1,1,0,0,0,1,CNRM-CM3
337,1,0,0,0,0,0,0,1,1,0,0,0,1,CNRM-CM3
338,1,0,0,0,0,0,0,1,1,0,0,0,1,CNRM-CM3
339,1,0,0,0,0,0,0,1,1,0,0,0,1,CNRM-CM3
340,1,0,0,0,0,0,0,1,1,0,0,0,1,CNRM-CM3
341,1,0,0,0,0,0,0,1,1,0,0,0,1,CNRM-CM3
342,1,0,0,0,0,0,0,1,1,0,0,0,1,CSIRO-MK3.0
343,1,0,0,0,0,0,0,1,1,0,0,0,1,CSIRO-MK3.0
344,1,0,0,0,0,0,0,1,1,0,0,0,1,CSIRO-MK3.0
345,1,0,0,0,0,0,0,1,1,0,0,0,1,CSIRO-MK3.0
346,1,0,0,0,0,0,0,1,1,0,0,0,1,CSIRO-MK3.0
347,1,0,0,0,0,0,0,1,1,0,0,0,1,CSIRO-MK3.0
348,1,0,0,0,0,0,0,1,1,0,0,0,1,CSIRO-MK3.0
349,1,0,0,0,0,0,0,1,1,0,0,0,1,CSIRO-MK3.0
350,1,0,0,0,0,0,0,1,1,0,0,0,1,CSIRO-MK3.0
351,1,0,0,0,0,0,0,1,1,0,0,0,1,ECHAM5/MPI-OM
352,1,0,0,0,0,0,0,1,1,0,0,0,1,ECHAM5/MPI-OM
353,1,0,0,0,0,0,0,1,1,0,0,0,1,ECHAM5/MPI-OM
354,1,0,0,0,0,0,0,1,1,0,0,0,1,ECHAM5/MPI-OM
355,1,0,0,0,0,0,0,1,1,0,0,0,1,ECHAM5/MPI-OM
356,1,0,0,0,0,0,0,1,1,0,0,0,1,ECHAM5/MPI-OM
357,1,0,0,0,0,0,0,1,1,0,0,0,1,ECHAM5/MPI-OM
358,1,0,0,0,0,0,0,1,1,0,0,0,1,ECHAM5/MPI-OM
359,1,0,0,0,0,0,0,1,1,0,0,0,1,ECHAM5/MPI-OM
360,1,0,0,0,0,0,0,1,1,0,0,0,1,ECHO-G
361,1,0,0,0,0,0,0,1,1,0,0,0,1,ECHO-G
362,1,0,0,0,0,0,0,1,1,0,0,0,1,ECHO-G
363,1,0,0,0,0,0,0,1,1,0,0,0,1,ECHO-G
364,1,0,0,0,0,0,0,1,1,0,0,0,1,ECHO-G
365,1,0,0,0,0,0,0,1,1,0,0,0,1,ECHO-G
366,1,0,0,0,0,0,0,1,1,0,0,0,1,ECHO-G
367,1,0,0,0,0,0,0,1,1,0,0,0,1,ECHO-G
368,1,0,0,0,0,0,0,1,1,0,0,0,1,ECHO-G
369,1,0,0,0,0,0,0,1,1,0,0,0,1,FGOALS-g1.0
370,1,0,0,0,0,0,0,1,1,0,0,0,1,FGOALS-g1.0
371,1,0,0,0,0,0,0,1,1,0,0,0,1,FGOALS-g1.0
372,1,0,0,0,0,0,0,1,1,0,0,0,1,FGOALS-g1.0
373,1,0,0,0,0,0,0,1,1,0,0,0,1,FGOALS-g1.0
374,1,0,0,0,0,0,0,1,1,0,0,0,1,FGOALS-g1.0
375,1,0,0,0,0,0,0,1,1,0,0,0,1,FGOALS-g1.0
376,1,0,0,0,0,0,0,1,1,0,0,0,1,FGOALS-g1.0
377,1,0,0,0,0,0,0,1,1,0,0,0,1,FGOALS-g1.0
378,1,0,0,0,0,0,0,1,1,0,0,0,1,FGOALS-g1.0
379,1,0,0,0,0,0,0,1,1,0,0,0,1,FGOALS-g1.0
380,1,0,0,0,0,0,0,1,1,0,0,0,1,FGOALS-g1.0
381,1,0,0,0,0,0,0,1,1,0,0,0,1,MRI-CGM2.3.2
382,1,0,0,0,0,0,0,1,1,0,0,0,1,MRI-CGM2.3.2
383,1,0,0,0,0,0,0,1,1,0,0,0,1,MRI-CGM2.3.2
384,1,0,0,0,0,0,0,1,1,0,0,0,1,MRI-CGM2.3.2
385,1,0,0,0,0,0,0,1,1,0,0,0,1,MRI-CGM2.3.2
386,1,0,0,0,0,0,0,1,1,0,0,0,1,MRI-CGM2.3.2
387,1,0,0,0,0,0,0,1,1,0,0,0,1,MRI-CGM2.3.2
388,1,0,0,0,0,0,0,1,1,0,0,0,1,PCM
389,1,0,0,0,0,0,0,1,1,0,0,0,1,PCM
390,1,0,0,0,0,0,0,1,1,0,0,0,1,PCM
391,1,0,0,0,0,0,0,1,1,0,0,0,1,PCM
392,1,0,0,0,0,0,0,1,1,0,0,0,1,PCM
393,1,0,0,0,0,0,0,1,1,0,0,0,1,PCM
394,1,0,0,0,0,0,0,1,1,0,0,0,1,PCM
395,1,0,0,0,0,0,0,1,1,0,0,0,1,PCM
396,1,0,0,0,0,0,0,1,1,0,0,0,1,UKMO-HadCM3
397,1,0,0,0,0,0,0,1,1,0,0,0,1,UKMO-HadCM3
398,1,0,0,0,0,0,0,1,1,0,0,0,1,UKMO-HadCM3
399,1,0,0,0,0,0,0,1,1,0,0,0,1,UKMO-HadCM3
400,1,0,0,0,0,0,0,1,1,0,0,0,1,UKMO-HadCM3
401,1,0,0,0,0,0,0,1,1,0,0,0,1,UKMO-HadCM3
402,1,0,0,0,0,0,0,1,1,0,0,0,1,UKMO-HadGEM
403,1,0,0,0,0,0,0,1,1,0,0,0,1,UKMO-HadGEM
404,1,0,0,0,0,0,0,1,1,0,0,0,1,UKMO-HadGEM
405,1,0,0,0,0,0,0,1,1,0,0,0,1,UKMO-HadGEM
406,1,0,0,0,0,0,0,1,1,0,0,0,1,UKMO-HadGEM
407,1,0,0,0,0,0,0,1,1,0,0,0,1,UKMO-HadGEM
408,1,0,0,0,0,1,0,0,0,0,1,0,0,CLIMLAB 
409,1,0,0,0,0,1,0,0,0,0,1,0,0,CLIMLAB 
410,1,0,0,0,0,1,0,0,0,0,1,0,0,CLIMLAB 
411,1,0,0,0,0,1,0,0,0,0,1,0,0,CLIMLAB 
412,1,0,0,0,0,1,0,0,0,0,1,0,0,CLIMLAB 
413,1,0,0,0,0,1,0,0,0,0,1,0,0,CLIMLAB 
414,1,0,0,0,0,1,0,0,0,0,1,0,0,CLIMLAB 
415,1,0,0,0,0,1,0,0,0,0,1,0,0,CLIMLAB 
416,1,0,0,0,0,1,0,0,0,0,1,0,0,CLIMLAB 
417,1,0,0,0,0,1,0,0,0,0,1,0,0,CLIMLAB 
418,1,0,1,0,1,0,0,1,1,0,0,0,1,CMIP5
419,1,0,1,0,1,0,0,1,1,0,0,0,1,CMIP5
420,1,0,1,0,1,0,0,1,1,0,0,0,1,CMIP5
421,1,0,1,0,1,0,0,1,1,0,0,0,1,CMIP5
422,1,0,1,0,1,0,0,1,1,0,0,0,1,CMIP5
423,1,0,1,0,1,0,0,1,1,0,0,0,1,CMIP5
424,1,0,1,0,1,0,0,1,1,0,0,0,1,CMIP5
425,1,0,1,0,1,0,0,1,1,0,0,0,1,CMIP5
426,1,0,1,0,1,0,0,1,1,0,0,0,1,CMIP5
427,1,0,1,0,1,0,0,1,1,0,0,0,1,CMIP5
428,0,1,0,0,1,0,0,0,0,0,0,1,0,CFSv2
429,0,1,0,0,1,0,0,0,0,0,0,1,0,CFSv2
430,0,1,0,0,1,0,0,0,0,0,0,1,0,CFSv2
431,0,1,0,0,1,0,0,0,0,0,0,1,0,CFSv2
432,0,1,0,0,1,0,0,0,0,0,0,1,0,CFSv2
433,0,1,0,0,1,0,0,0,0,0,0,1,0,CFSv2
434,0,1,0,0,1,0,0,0,0,0,0,1,0,CFSv2
435,0,1,0,0,1,0,0,0,0,0,0,1,0,CFSv2
436,0,1,0,0,1,0,0,0,0,0,0,1,0,CFSv2
437,0,1,0,0,1,0,0,0,0,0,0,1,0,CFSv2
438,1,0,0,0,1,1,1,1,1,0,0,0,1,SYMPL CLIMT
439,1,0,0,0,1,1,1,1,1,0,0,0,1,SYMPL CLIMT
440,1,0,0,0,1,1,1,1,1,0,0,0,1,SYMPL CLIMT
441,1,0,0,0,1,1,1,1,1,0,0,0,1,SYMPL CLIMT
442,1,0,0,0,1,1,1,1,1,0,0,0,1,SYMPL CLIMT
443,1,0,0,0,1,1,1,1,1,0,0,0,1,SYMPL CLIMT
444,1,0,0,0,1,1,1,1,1,0,0,0,1,SYMPL CLIMT
445,1,0,0,0,1,1,1,1,1,0,0,0,1,SYMPL CLIMT
446,1,0,0,0,1,1,1,1,1,0,0,0,1,SYMPL CLIMT
447,1,0,0,0,1,1,1,1,1,0,0,0,1,SYMPL CLIMT
448,1,0,0,0,0,0,0,1,1,0,0,0,1,CCSM3
449,1,0,0,0,0,0,0,1,1,0,0,0,1,CCSM3
450,1,0,0,0,0,0,0,1,1,0,0,0,1,CCSM3
451,1,0,0,0,0,0,0,1,1,0,0,0,1,CCSM3
452,1,0,0,0,0,0,0,1,1,0,0,0,1,CCSM3
453,1,0,0,0,0,0,0,1,1,0,0,0,1,CCSM3
454,1,0,0,0,0,0,0,1,1,0,0,0,1,CCSM3
455,1,0,0,0,0,0,0,1,1,0,0,0,1,CCSM3
456,1,0,0,0,0,0,0,1,1,0,0,0,1,CCSM3
457,1,0,0,0,0,0,0,1,1,0,0,0,1,CCSM3
458,1,0,0,0,0,0,0,1,1,0,0,0,1,CGCM3.1
459,1,0,0,0,0,0,0,1,1,0,0,0,1,CGCM3.1
460,1,0,0,0,0,0,0,1,1,0,0,0,1,CGCM3.1
461,1,0,0,0,0,0,0,1,1,0,0,0,1,CGCM3.1
462,1,0,0,0,0,0,0,1,1,0,0,0,1,CGCM3.1
463,1,0,0,0,0,0,0,1,1,0,0,0,1,CGCM3.1
464,1,0,0,0,0,0,0,1,1,0,0,0,1,CGCM3.1
465,1,0,0,0,0,0,0,1,1,0,0,0,1,CGCM3.1
466,1,0,0,0,0,0,0,1,1,0,0,0,1,CGCM3.1
467,1,0,0,0,0,0,0,1,1,0,0,0,1,CGCM3.1
468,1,0,0,0,0,0,0,1,1,0,0,0,1,CGCM3.1
469,1,0,0,0,0,0,0,1,1,0,0,0,1,CNRM-CM3
470,1,0,0,0,0,0,0,1,1,0,0,0,1,CNRM-CM3
471,1,0,0,0,0,0,0,1,1,0,0,0,1,CNRM-CM3
472,1,0,0,0,0,0,0,1,1,0,0,0,1,CNRM-CM3
473,1,0,0,0,0,0,0,1,1,0,0,0,1,CNRM-CM3
474,1,0,0,0,0,0,0,1,1,0,0,0,1,CNRM-CM3
475,1,0,0,0,0,0,0,1,1,0,0,0,1,CNRM-CM3
476,1,0,0,0,0,0,0,1,1,0,0,0,1,CNRM-CM3
477,1,0,0,0,0,0,0,1,1,0,0,0,1,CNRM-CM3
478,1,0,0,0,0,0,0,1,1,0,0,0,1,CSIRO-MK3.0
479,1,0,0,0,0,0,0,1,1,0,0,0,1,CSIRO-MK3.0
480,1,0,0,0,0,0,0,1,1,0,0,0,1,CSIRO-MK3.0
481,1,0,0,0,0,0,0,1,1,0,0,0,1,CSIRO-MK3.0
482,1,0,0,0,0,0,0,1,1,0,0,0,1,CSIRO-MK3.0
483,1,0,0,0,0,0,0,1,1,0,0,0,1,CSIRO-MK3.0
484,1,0,0,0,0,0,0,1,1,0,0,0,1,CSIRO-MK3.0
485,1,0,0,0,0,0,0,1,1,0,0,0,1,CSIRO-MK3.0
486,1,0,0,0,0,0,0,1,1,0,0,0,1,CSIRO-MK3.0
487,1,0,0,0,0,0,0,1,1,0,0,0,1,ECHAM5/MPI-OM
488,1,0,0,0,0,0,0,1,1,0,0,0,1,ECHAM5/MPI-OM
489,1,0,0,0,0,0,0,1,1,0,0,0,1,ECHAM5/MPI-OM
490,1,0,0,0,0,0,0,1,1,0,0,0,1,ECHAM5/MPI-OM
491,1,0,0,0,0,0,0,1,1,0,0,0,1,ECHAM5/MPI-OM
492,1,0,0,0,0,0,0,1,1,0,0,0,1,ECHAM5/MPI-OM
493,1,0,0,0,0,0,0,1,1,0,0,0,1,ECHAM5/MPI-OM
494,1,0,0,0,0,0,0,1,1,0,0,0,1,ECHAM5/MPI-OM
495,1,0,0,0,0,0,0,1,1,0,0,0,1,ECHAM5/MPI-OM
496,1,0,0,0,0,0,0,1,1,0,0,0,1,ECHO-G
497,1,0,0,0,0,0,0,1,1,0,0,0,1,ECHO-G
498,1,0,0,0,0,0,0,1,1,0,0,0,1,ECHO-G
499,1,0,0,0,0,0,0,1,1,0,0,0,1,ECHO-G
500,1,0,0,0,0,0,0,1,1,0,0,0,1,ECHO-G
501,1,0,0,0,0,0,0,1,1,0,0,0,1,ECHO-G
502,1,0,0,0,0,0,0,1,1,0,0,0,1,ECHO-G
503,1,0,0,0,0,0,0,1,1,0,0,0,1,ECHO-G
504,1,0,0,0,0,0,0,1,1,0,0,0,1,ECHO-G
505,1,0,0,0,0,0,0,1,1,0,0,0,1,FGOALS-g1.0
506,1,0,0,0,0,0,0,1,1,0,0,0,1,FGOALS-g1.0
507,1,0,0,0,0,0,0,1,1,0,0,0,1,FGOALS-g1.0
508,1,0,0,0,0,0,0,1,1,0,0,0,1,FGOALS-g1.0
509,1,0,0,0,0,0,0,1,1,0,0,0,1,FGOALS-g1.0
510,1,0,0,0,0,0,0,1,1,0,0,0,1,FGOALS-g1.0
511,1,0,0,0,0,0,0,1,1,0,0,0,1,FGOALS-g1.0
512,1,0,0,0,0,0,0,1,1,0,0,0,1,FGOALS-g1.0
513,1,0,0,0,0,0,0,1,1,0,0,0,1,FGOALS-g1.0
514,1,0,0,0,0,0,0,1,1,0,0,0,1,FGOALS-g1.0
515,1,0,0,0,0,0,0,1,1,0,0,0,1,FGOALS-g1.0
516,1,0,0,0,0,0,0,1,1,0,0,0,1,FGOALS-g1.0
517,1,0,0,0,0,0,0,1,1,0,0,0,1,MRI-CGM2.3.2
518,1,0,0,0,0,0,0,1,1,0,0,0,1,MRI-CGM2.3.2
519,1,0,0,0,0,0,0,1,1,0,0,0,1,MRI-CGM2.3.2
520,1,0,0,0,0,0,0,1,1,0,0,0,1,MRI-CGM2.3.2
521,1,0,0,0,0,0,0,1,1,0,0,0,1,MRI-CGM2.3.2
522,1,0,0,0,0,0,0,1,1,0,0,0,1,MRI-CGM2.3.2
523,1,0,0,0,0,0,0,1,1,0,0,0,1,MRI-CGM2.3.2
524,1,0,0,0,0,0,0,1,1,0,0,0,1,PCM
525,1,0,0,0,0,0,0,1,1,0,0,0,1,PCM
526,1,0,0,0,0,0,0,1,1,0,0,0,1,PCM
527,1,0,0,0,0,0,0,1,1,0,0,0,1,PCM
528,1,0,0,0,0,0,0,1,1,0,0,0,1,PCM
529,1,0,0,0,0,0,0,1,1,0,0,0,1,PCM
530,1,0,0,0,0,0,0,1,1,0,0,0,1,PCM
531,1,0,0,0,0,0,0,1,1,0,0,0,1,PCM
532,1,0,0,0,0,0,0,1,1,0,0,0,1,UKMO-HadCM3
533,1,0,0,0,0,0,0,1,1,0,0,0,1,UKMO-HadCM3
534,1,0,0,0,0,0,0,1,1,0,0,0,1,UKMO-HadCM3
535,1,0,0,0,0,0,0,1,1,0,0,0,1,UKMO-HadCM3
536,1,0,0,0,0,0,0,1,1,0,0,0,1,UKMO-HadCM3
537,1,0,0,0,0,0,0,1,1,0,0,0,1,UKMO-HadCM3
538,1,0,0,0,0,0,0,1,1,0,0,0,1,UKMO-HadGEM
539,1,0,0,0,0,0,0,1,1,0,0,0,1,UKMO-HadGEM
540,1,0,0,0,0,0,0,1,1,0,0,0,1,UKMO-HadGEM
541,1,0,0,0,0,0,0,1,1,0,0,0,1,UKMO-HadGEM
542,1,0,0,0,0,0,0,1,1,0,0,0,1,UKMO-HadGEM
543,1,0,0,0,0,0,0,1,1,0,0,0,1,UKMO-HadGEM
544,1,0,0,0,0,1,0,0,0,0,1,0,0,CLIMLAB 
545,1,0,0,0,0,1,0,0,0,0,1,0,0,CLIMLAB 
546,1,0,0,0,0,1,0,0,0,0,1,0,0,CLIMLAB 
547,1,0,0,0,0,1,0,0,0,0,1,0,0,CLIMLAB 
548,1,0,0,0,0,1,0,0,0,0,1,0,0,CLIMLAB 
549,1,0,0,0,0,1,0,0,0,0,1,0,0,CLIMLAB 
550,1,0,0,0,0,1,0,0,0,0,1,0,0,CLIMLAB 
551,1,0,0,0,0,1,0,0,0,0,1,0,0,CLIMLAB 
552,1,0,0,0,0,1,0,0,0,0,1,0,0,CLIMLAB 
553,1,0,0,0,0,1,0,0,0,0,1,0,0,CLIMLAB 
554,1,0,1,0,1,0,0,1,1,0,0,0,1,CMIP5
555,1,0,1,0,1,0,0,1,1,0,0,0,1,CMIP5
556,1,0,1,0,1,0,0,1,1,0,0,0,1,CMIP5
557,1,0,1,0,1,0,0,1,1,0,0,0,1,CMIP5
558,1,0,1,0,1,0,0,1,1,0,0,0,1,CMIP5
559,1,0,1,0,1,0,0,1,1,0,0,0,1,CMIP5
560,1,0,1,0,1,0,0,1,1,0,0,0,1,CMIP5
561,1,0,1,0,1,0,0,1,1,0,0,0,1,CMIP5
562,1,0,1,0,1,0,0,1,1,0,0,0,1,CMIP5
563,1,0,1,0,1,0,0,1,1,0,0,0,1,CMIP5
564,0,1,0,0,1,0,0,0,0,0,0,1,0,CFSv2
565,0,1,0,0,1,0,0,0,0,0,0,1,0,CFSv2
566,0,1,0,0,1,0,0,0,0,0,0,1,0,CFSv2
567,0,1,0,0,1,0,0,0,0,0,0,1,0,CFSv2
568,0,1,0,0,1,0,0,0,0,0,0,1,0,CFSv2
569,0,1,0,0,1,0,0,0,0,0,0,1,0,CFSv2
570,0,1,0,0,1,0,0,0,0,0,0,1,0,CFSv2
571,0,1,0,0,1,0,0,0,0,0,0,1,0,CFSv2
572,0,1,0,0,1,0,0,0,0,0,0,1,0,CFSv2
573,0,1,0,0,1,0,0,0,0,0,0,1,0,CFSv2
574,1,0,0,0,1,1,1,1,1,0,0,0,1,SYMPL CLIMT
575,1,0,0,0,1,1,1,1,1,0,0,0,1,SYMPL CLIMT
576,1,0,0,0,1,1,1,1,1,0,0,0,1,SYMPL CLIMT
577,1,0,0,0,1,1,1,1,1,0,0,0,1,SYMPL CLIMT
578,1,0,0,0,1,1,1,1,1,0,0,0,1,SYMPL CLIMT
579,1,0,0,0,1,1,1,1,1,0,0,0,1,SYMPL CLIMT
580,1,0,0,0,1,1,1,1,1,0,0,0,1,SYMPL CLIMT
581,1,0,0,0,1,1,1,1,1,0,0,0,1,SYMPL CLIMT
582,1,0,0,0,1,1,1,1,1,0,0,0,1,SYMPL CLIMT
583,1,0,0,0,1,1,1,1,1,0,0,0,1,SYMPL CLIMT
584,1,0,0,0,0,0,0,1,1,0,0,0,1,CCSM3
585,1,0,0,0,0,0,0,1,1,0,0,0,1,CCSM3
586,1,0,0,0,0,0,0,1,1,0,0,0,1,CCSM3
587,1,0,0,0,0,0,0,1,1,0,0,0,1,CCSM3
588,1,0,0,0,0,0,0,1,1,0,0,0,1,CCSM3
589,1,0,0,0,0,0,0,1,1,0,0,0,1,CCSM3
590,1,0,0,0,0,0,0,1,1,0,0,0,1,CCSM3
591,1,0,0,0,0,0,0,1,1,0,0,0,1,CCSM3
592,1,0,0,0,0,0,0,1,1,0,0,0,1,CCSM3
593,1,0,0,0,0,0,0,1,1,0,0,0,1,CCSM3
594,1,0,0,0,0,0,0,1,1,0,0,0,1,CGCM3.1
595,1,0,0,0,0,0,0,1,1,0,0,0,1,CGCM3.1
596,1,0,0,0,0,0,0,1,1,0,0,0,1,CGCM3.1
597,1,0,0,0,0,0,0,1,1,0,0,0,1,CGCM3.1
598,1,0,0,0,0,0,0,1,1,0,0,0,1,CGCM3.1
599,1,0,0,0,0,0,0,1,1,0,0,0,1,CGCM3.1
600,1,0,0,0,0,0,0,1,1,0,0,0,1,CGCM3.1
601,1,0,0,0,0,0,0,1,1,0,0,0,1,CGCM3.1
602,1,0,0,0,0,0,0,1,1,0,0,0,1,CGCM3.1
603,1,0,0,0,0,0,0,1,1,0,0,0,1,CGCM3.1
604,1,0,0,0,0,0,0,1,1,0,0,0,1,CGCM3.1
605,1,0,0,0,0,0,0,1,1,0,0,0,1,CNRM-CM3
606,1,0,0,0,0,0,0,1,1,0,0,0,1,CNRM-CM3
607,1,0,0,0,0,0,0,1,1,0,0,0,1,CNRM-CM3
608,1,0,0,0,0,0,0,1,1,0,0,0,1,CNRM-CM3
609,1,0,0,0,0,0,0,1,1,0,0,0,1,CNRM-CM3
610,1,0,0,0,0,0,0,1,1,0,0,0,1,CNRM-CM3
611,1,0,0,0,0,0,0,1,1,0,0,0,1,CNRM-CM3
612,1,0,0,0,0,0,0,1,1,0,0,0,1,CNRM-CM3
613,1,0,0,0,0,0,0,1,1,0,0,0,1,CNRM-CM3
614,1,0,0,0,0,0,0,1,1,0,0,0,1,CSIRO-MK3.0
615,1,0,0,0,0,0,0,1,1,0,0,0,1,CSIRO-MK3.0
616,1,0,0,0,0,0,0,1,1,0,0,0,1,CSIRO-MK3.0
617,1,0,0,0,0,0,0,1,1,0,0,0,1,CSIRO-MK3.0
618,1,0,0,0,0,0,0,1,1,0,0,0,1,CSIRO-MK3.0
619,1,0,0,0,0,0,0,1,1,0,0,0,1,CSIRO-MK3.0
620,1,0,0,0,0,0,0,1,1,0,0,0,1,CSIRO-MK3.0
621,1,0,0,0,0,0,0,1,1,0,0,0,1,CSIRO-MK3.0
622,1,0,0,0,0,0,0,1,1,0,0,0,1,CSIRO-MK3.0
623,1,0,0,0,0,0,0,1,1,0,0,0,1,ECHAM5/MPI-OM
624,1,0,0,0,0,0,0,1,1,0,0,0,1,ECHAM5/MPI-OM
625,1,0,0,0,0,0,0,1,1,0,0,0,1,ECHAM5/MPI-OM
626,1,0,0,0,0,0,0,1,1,0,0,0,1,ECHAM5/MPI-OM
627,1,0,0,0,0,0,0,1,1,0,0,0,1,ECHAM5/MPI-OM
628,1,0,0,0,0,0,0,1,1,0,0,0,1,ECHAM5/MPI-OM
629,1,0,0,0,0,0,0,1,1,0,0,0,1,ECHAM5/MPI-OM
630,1,0,0,0,0,0,0,1,1,0,0,0,1,ECHAM5/MPI-OM
631,1,0,0,0,0,0,0,1,1,0,0,0,1,ECHAM5/MPI-OM
632,1,0,0,0,0,0,0,1,1,0,0,0,1,ECHO-G
633,1,0,0,0,0,0,0,1,1,0,0,0,1,ECHO-G
634,1,0,0,0,0,0,0,1,1,0,0,0,1,ECHO-G
635,1,0,0,0,0,0,0,1,1,0,0,0,1,ECHO-G
636,1,0,0,0,0,0,0,1,1,0,0,0,1,ECHO-G
637,1,0,0,0,0,0,0,1,1,0,0,0,1,ECHO-G
638,1,0,0,0,0,0,0,1,1,0,0,0,1,ECHO-G
639,1,0,0,0,0,0,0,1,1,0,0,0,1,ECHO-G
640,1,0,0,0,0,0,0,1,1,0,0,0,1,ECHO-G
641,1,0,0,0,0,0,0,1,1,0,0,0,1,FGOALS-g1.0
642,1,0,0,0,0,0,0,1,1,0,0,0,1,FGOALS-g1.0
643,1,0,0,0,0,0,0,1,1,0,0,0,1,FGOALS-g1.0
644,1,0,0,0,0,0,0,1,1,0,0,0,1,FGOALS-g1.0
645,1,0,0,0,0,0,0,1,1,0,0,0,1,FGOALS-g1.0
646,1,0,0,0,0,0,0,1,1,0,0,0,1,FGOALS-g1.0
647,1,0,0,0,0,0,0,1,1,0,0,0,1,FGOALS-g1.0
648,1,0,0,0,0,0,0,1,1,0,0,0,1,FGOALS-g1.0
649,1,0,0,0,0,0,0,1,1,0,0,0,1,FGOALS-g1.0
650,1,0,0,0,0,0,0,1,1,0,0,0,1,FGOALS-g1.0
651,1,0,0,0,0,0,0,1,1,0,0,0,1,FGOALS-g1.0
652,1,0,0,0,0,0,0,1,1,0,0,0,1,FGOALS-g1.0
653,1,0,0,0,0,0,0,1,1,0,0,0,1,MRI-CGM2.3.2
654,1,0,0,0,0,0,0,1,1,0,0,0,1,MRI-CGM2.3.2
655,1,0,0,0,0,0,0,1,1,0,0,0,1,MRI-CGM2.3.2
656,1,0,0,0,0,0,0,1,1,0,0,0,1,MRI-CGM2.3.2
657,1,0,0,0,0,0,0,1,1,0,0,0,1,MRI-CGM2.3.2
658,1,0,0,0,0,0,0,1,1,0,0,0,1,MRI-CGM2.3.2
659,1,0,0,0,0,0,0,1,1,0,0,0,1,MRI-CGM2.3.2
660,1,0,0,0,0,0,0,1,1,0,0,0,1,PCM
661,1,0,0,0,0,0,0,1,1,0,0,0,1,PCM
662,1,0,0,0,0,0,0,1,1,0,0,0,1,PCM
663,1,0,0,0,0,0,0,1,1,0,0,0,1,PCM
664,1,0,0,0,0,0,0,1,1,0,0,0,1,PCM
665,1,0,0,0,0,0,0,1,1,0,0,0,1,PCM
666,1,0,0,0,0,0,0,1,1,0,0,0,1,PCM
667,1,0,0,0,0,0,0,1,1,0,0,0,1,PCM
668,1,0,0,0,0,0,0,1,1,0,0,0,1,UKMO-HadCM3
669,1,0,0,0,0,0,0,1,1,0,0,0,1,UKMO-HadCM3
670,1,0,0,0,0,0,0,1,1,0,0,0,1,UKMO-HadCM3
671,1,0,0,0,0,0,0,1,1,0,0,0,1,UKMO-HadCM3
672,1,0,0,0,0,0,0,1,1,0,0,0,1,UKMO-HadCM3
673,1,0,0,0,0,0,0,1,1,0,0,0,1,UKMO-HadCM3
674,1,0,0,0,0,0,0,1,1,0,0,0,1,UKMO-HadGEM
675,1,0,0,0,0,0,0,1,1,0,0,0,1,UKMO-HadGEM
676,1,0,0,0,0,0,0,1,1,0,0,0,1,UKMO-HadGEM
677,1,0,0,0,0,0,0,1,1,0,0,0,1,UKMO-HadGEM
678,1,0,0,0,0,0,0,1,1,0,0,0,1,UKMO-HadGEM
679,1,0,0,0,0,0,0,1,1,0,0,0,1,UKMO-HadGEM
680,1,0,0,0,0,1,0,0,0,0,1,0,0,CLIMLAB 
681,1,0,0,0,0,1,0,0,0,0,1,0,0,CLIMLAB 
682,1,0,0,0,0,1,0,0,0,0,1,0,0,CLIMLAB 
683,1,0,0,0,0,1,0,0,0,0,1,0,0,CLIMLAB 
684,1,0,0,0,0,1,0,0,0,0,1,0,0,CLIMLAB 
685,1,0,0,0,0,1,0,0,0,0,1,0,0,CLIMLAB 
686,1,0,0,0,0,1,0,0,0,0,1,0,0,CLIMLAB 
687,1,0,0,0,0,1,0,0,0,0,1,0,0,CLIMLAB 
688,1,0,0,0,0,1,0,0,0,0,1,0,0,CLIMLAB 
689,1,0,0,0,0,1,0,0,0,0,1,0,0,CLIMLAB 
690,1,0,1,0,1,0,0,1,1,0,0,0,1,CMIP5
691,1,0,1,0,1,0,0,1,1,0,0,0,1,CMIP5
692,1,0,1,0,1,0,0,1,1,0,0,0,1,CMIP5
693,1,0,1,0,1,0,0,1,1,0,0,0,1,CMIP5
694,1,0,1,0,1,0,0,1,1,0,0,0,1,CMIP5
695,1,0,1,0,1,0,0,1,1,0,0,0,1,CMIP5
696,1,0,1,0,1,0,0,1,1,0,0,0,1,CMIP5
697,1,0,1,0,1,0,0,1,1,0,0,0,1,CMIP5
698,1,0,1,0,1,0,0,1,1,0,0,0,1,CMIP5
699,1,0,1,0,1,0,0,1,1,0,0,0,1,CMIP5
700,0,1,0,0,1,0,0,0,0,0,0,1,0,CFSv2
701,0,1,0,0,1,0,0,0,0,0,0,1,0,CFSv2
702,0,1,0,0,1,0,0,0,0,0,0,1,0,CFSv2
703,0,1,0,0,1,0,0,0,0,0,0,1,0,CFSv2
704,0,1,0,0,1,0,0,0,0,0,0,1,0,CFSv2
705,0,1,0,0,1,0,0,0,0,0,0,1,0,CFSv2
706,0,1,0,0,1,0,0,0,0,0,0,1,0,CFSv2
707,0,1,0,0,1,0,0,0,0,0,0,1,0,CFSv2
708,0,1,0,0,1,0,0,0,0,0,0,1,0,CFSv2
709,0,1,0,0,1,0,0,0,0,0,0,1,0,CFSv2
710,1,0,0,0,1,1,1,1,1,0,0,0,1,SYMPL CLIMT
711,1,0,0,0,1,1,1,1,1,0,0,0,1,SYMPL CLIMT
712,1,0,0,0,1,1,1,1,1,0,0,0,1,SYMPL CLIMT
713,1,0,0,0,1,1,1,1,1,0,0,0,1,SYMPL CLIMT
714,1,0,0,0,1,1,1,1,1,0,0,0,1,SYMPL CLIMT
715,1,0,0,0,1,1,1,1,1,0,0,0,1,SYMPL CLIMT
716,1,0,0,0,1,1,1,1,1,0,0,0,1,SYMPL CLIMT
717,1,0,0,0,1,1,1,1,1,0,0,0,1,SYMPL CLIMT
718,1,0,0,0,1,1,1,1,1,0,0,0,1,SYMPL CLIMT
719,1,0,0,0,1,1,1,1,1,0,0,0,1,SYMPL CLIMT
720,1,0,0,0,0,0,0,1,1,0,0,0,1,CCSM3
721,1,0,0,0,0,0,0,1,1,0,0,0,1,CCSM3
722,1,0,0,0,0,0,0,1,1,0,0,0,1,CCSM3
723,1,0,0,0,0,0,0,1,1,0,0,0,1,CCSM3
724,1,0,0,0,0,0,0,1,1,0,0,0,1,CCSM3
725,1,0,0,0,0,0,0,1,1,0,0,0,1,CCSM3
726,1,0,0,0,0,0,0,1,1,0,0,0,1,CCSM3
727,1,0,0,0,0,0,0,1,1,0,0,0,1,CCSM3
728,1,0,0,0,0,0,0,1,1,0,0,0,1,CCSM3
729,1,0,0,0,0,0,0,1,1,0,0,0,1,CCSM3
730,1,0,0,0,0,0,0,1,1,0,0,0,1,CGCM3.1
731,1,0,0,0,0,0,0,1,1,0,0,0,1,CGCM3.1
732,1,0,0,0,0,0,0,1,1,0,0,0,1,CGCM3.1
733,1,0,0,0,0,0,0,1,1,0,0,0,1,CGCM3.1
734,1,0,0,0,0,0,0,1,1,0,0,0,1,CGCM3.1
735,1,0,0,0,0,0,0,1,1,0,0,0,1,CGCM3.1
736,1,0,0,0,0,0,0,1,1,0,0,0,1,CGCM3.1
737,1,0,0,0,0,0,0,1,1,0,0,0,1,CGCM3.1
738,1,0,0,0,0,0,0,1,1,0,0,0,1,CGCM3.1
739,1,0,0,0,0,0,0,1,1,0,0,0,1,CGCM3.1
740,1,0,0,0,0,0,0,1,1,0,0,0,1,CGCM3.1
741,1,0,0,0,0,0,0,1,1,0,0,0,1,CNRM-CM3
742,1,0,0,0,0,0,0,1,1,0,0,0,1,CNRM-CM3
743,1,0,0,0,0,0,0,1,1,0,0,0,1,CNRM-CM3
744,1,0,0,0,0,0,0,1,1,0,0,0,1,CNRM-CM3
745,1,0,0,0,0,0,0,1,1,0,0,0,1,CNRM-CM3
746,1,0,0,0,0,0,0,1,1,0,0,0,1,CNRM-CM3
747,1,0,0,0,0,0,0,1,1,0,0,0,1,CNRM-CM3
748,1,0,0,0,0,0,0,1,1,0,0,0,1,CNRM-CM3
749,1,0,0,0,0,0,0,1,1,0,0,0,1,CNRM-CM3
750,1,0,0,0,0,0,0,1,1,0,0,0,1,CSIRO-MK3.0
751,1,0,0,0,0,0,0,1,1,0,0,0,1,CSIRO-MK3.0
752,1,0,0,0,0,0,0,1,1,0,0,0,1,CSIRO-MK3.0
753,1,0,0,0,0,0,0,1,1,0,0,0,1,CSIRO-MK3.0
754,1,0,0,0,0,0,0,1,1,0,0,0,1,CSIRO-MK3.0
755,1,0,0,0,0,0,0,1,1,0,0,0,1,CSIRO-MK3.0
756,1,0,0,0,0,0,0,1,1,0,0,0,1,CSIRO-MK3.0
757,1,0,0,0,0,0,0,1,1,0,0,0,1,CSIRO-MK3.0
758,1,0,0,0,0,0,0,1,1,0,0,0,1,CSIRO-MK3.0
759,1,0,0,0,0,0,0,1,1,0,0,0,1,ECHAM5/MPI-OM
760,1,0,0,0,0,0,0,1,1,0,0,0,1,ECHAM5/MPI-OM
761,1,0,0,0,0,0,0,1,1,0,0,0,1,ECHAM5/MPI-OM
762,1,0,0,0,0,0,0,1,1,0,0,0,1,ECHAM5/MPI-OM
763,1,0,0,0,0,0,0,1,1,0,0,0,1,ECHAM5/MPI-OM
764,1,0,0,0,0,0,0,1,1,0,0,0,1,ECHAM5/MPI-OM
765,1,0,0,0,0,0,0,1,1,0,0,0,1,ECHAM5/MPI-OM
766,1,0,0,0,0,0,0,1,1,0,0,0,1,ECHAM5/MPI-OM
767,1,0,0,0,0,0,0,1,1,0,0,0,1,ECHAM5/MPI-OM
768,1,0,0,0,0,0,0,1,1,0,0,0,1,ECHO-G
769,1,0,0,0,0,0,0,1,1,0,0,0,1,ECHO-G
770,1,0,0,0,0,0,0,1,1,0,0,0,1,ECHO-G
771,1,0,0,0,0,0,0,1,1,0,0,0,1,ECHO-G
772,1,0,0,0,0,0,0,1,1,0,0,0,1,ECHO-G
773,1,0,0,0,0,0,0,1,1,0,0,0,1,ECHO-G
774,1,0,0,0,0,0,0,1,1,0,0,0,1,ECHO-G
775,1,0,0,0,0,0,0,1,1,0,0,0,1,ECHO-G
776,1,0,0,0,0,0,0,1,1,0,0,0,1,ECHO-G
777,1,0,0,0,0,0,0,1,1,0,0,0,1,FGOALS-g1.0
778,1,0,0,0,0,0,0,1,1,0,0,0,1,FGOALS-g1.0
779,1,0,0,0,0,0,0,1,1,0,0,0,1,FGOALS-g1.0
780,1,0,0,0,0,0,0,1,1,0,0,0,1,FGOALS-g1.0
781,1,0,0,0,0,0,0,1,1,0,0,0,1,FGOALS-g1.0
782,1,0,0,0,0,0,0,1,1,0,0,0,1,FGOALS-g1.0
783,1,0,0,0,0,0,0,1,1,0,0,0,1,FGOALS-g1.0
784,1,0,0,0,0,0,0,1,1,0,0,0,1,FGOALS-g1.0
785,1,0,0,0,0,0,0,1,1,0,0,0,1,FGOALS-g1.0
786,1,0,0,0,0,0,0,1,1,0,0,0,1,FGOALS-g1.0
787,1,0,0,0,0,0,0,1,1,0,0,0,1,FGOALS-g1.0
788,1,0,0,0,0,0,0,1,1,0,0,0,1,FGOALS-g1.0
789,1,0,0,0,0,0,0,1,1,0,0,0,1,MRI-CGM2.3.2
790,1,0,0,0,0,0,0,1,1,0,0,0,1,MRI-CGM2.3.2
791,1,0,0,0,0,0,0,1,1,0,0,0,1,MRI-CGM2.3.2
792,1,0,0,0,0,0,0,1,1,0,0,0,1,MRI-CGM2.3.2
793,1,0,0,0,0,0,0,1,1,0,0,0,1,MRI-CGM2.3.2
794,1,0,0,0,0,0,0,1,1,0,0,0,1,MRI-CGM2.3.2
795,1,0,0,0,0,0,0,1,1,0,0,0,1,MRI-CGM2.3.2
796,1,0,0,0,0,0,0,1,1,0,0,0,1,PCM
797,1,0,0,0,0,0,0,1,1,0,0,0,1,PCM
798,1,0,0,0,0,0,0,1,1,0,0,0,1,PCM
799,1,0,0,0,0,0,0,1,1,0,0,0,1,PCM
800,1,0,0,0,0,0,0,1,1,0,0,0,1,PCM
801,1,0,0,0,0,0,0,1,1,0,0,0,1,PCM
802,1,0,0,0,0,0,0,1,1,0,0,0,1,PCM
803,1,0,0,0,0,0,0,1,1,0,0,0,1,PCM
804,1,0,0,0,0,0,0,1,1,0,0,0,1,UKMO-HadCM3
805,1,0,0,0,0,0,0,1,1,0,0,0,1,UKMO-HadCM3
806,1,0,0,0,0,0,0,1,1,0,0,0,1,UKMO-HadCM3
807,1,0,0,0,0,0,0,1,1,0,0,0,1,UKMO-HadCM3
808,1,0,0,0,0,0,0,1,1,0,0,0,1,UKMO-HadCM3
809,1,0,0,0,0,0,0,1,1,0,0,0,1,UKMO-HadCM3
810,1,0,0,0,0,0,0,1,1,0,0,0,1,UKMO-HadGEM
811,1,0,0,0,0,0,0,1,1,0,0,0,1,UKMO-HadGEM
812,1,0,0,0,0,0,0,1,1,0,0,0,1,UKMO-HadGEM
813,1,0,0,0,0,0,0,1,1,0,0,0,1,UKMO-HadGEM
814,1,0,0,0,0,0,0,1,1,0,0,0,1,UKMO-HadGEM
815,1,0,0,0,0,0,0,1,1,0,0,0,1,UKMO-HadGEM
816,1,0,0,0,0,1,0,0,0,0,1,0,0,CLIMLAB 
817,1,0,0,0,0,1,0,0,0,0,1,0,0,CLIMLAB 
818,1,0,0,0,0,1,0,0,0,0,1,0,0,CLIMLAB 
819,1,0,0,0,0,1,0,0,0,0,1,0,0,CLIMLAB 
820,1,0,0,0,0,1,0,0,0,0,1,0,0,CLIMLAB 
821,1,0,0,0,0,1,0,0,0,0,1,0,0,CLIMLAB 
822,1,0,0,0,0,1,0,0,0,0,1,0,0,CLIMLAB 
823,1,0,0,0,0,1,0,0,0,0,1,0,0,CLIMLAB 
824,1,0,0,0,0,1,0,0,0,0,1,0,0,CLIMLAB 
825,1,0,0,0,0,1,0,0,0,0,1,0,0,CLIMLAB 
826,1,0,1,0,1,0,0,1,1,0,0,0,1,CMIP5
827,1,0,1,0,1,0,0,1,1,0,0,0,1,CMIP5
828,1,0,1,0,1,0,0,1,1,0,0,0,1,CMIP5
829,1,0,1,0,1,0,0,1,1,0,0,0,1,CMIP5
830,1,0,1,0,1,0,0,1,1,0,0,0,1,CMIP5
831,1,0,1,0,1,0,0,1,1,0,0,0,1,CMIP5
832,1,0,1,0,1,0,0,1,1,0,0,0,1,CMIP5
833,1,0,1,0,1,0,0,1,1,0,0,0,1,CMIP5
834,1,0,1,0,1,0,0,1,1,0,0,0,1,CMIP5
835,1,0,1,0,1,0,0,1,1,0,0,0,1,CMIP5
836,0,1,0,0,1,0,0,0,0,0,0,1,0,CFSv2
837,0,1,0,0,1,0,0,0,0,0,0,1,0,CFSv2
838,0,1,0,0,1,0,0,0,0,0,0,1,0,CFSv2
839,0,1,0,0,1,0,0,0,0,0,0,1,0,CFSv2
840,0,1,0,0,1,0,0,0,0,0,0,1,0,CFSv2
841,0,1,0,0,1,0,0,0,0,0,0,1,0,CFSv2
842,0,1,0,0,1,0,0,0,0,0,0,1,0,CFSv2
843,0,1,0,0,1,0,0,0,0,0,0,1,0,CFSv2
844,0,1,0,0,1,0,0,0,0,0,0,1,0,CFSv2
845,0,1,0,0,1,0,0,0,0,0,0,1,0,CFSv2
846,1,0,0,0,1,1,1,1,1,0,0,0,1,SYMPL CLIMT
847,1,0,0,0,1,1,1,1,1,0,0,0,1,SYMPL CLIMT
848,1,0,0,0,1,1,1,1,1,0,0,0,1,SYMPL CLIMT
849,1,0,0,0,1,1,1,1,1,0,0,0,1,SYMPL CLIMT
850,1,0,0,0,1,1,1,1,1,0,0,0,1,SYMPL CLIMT
851,1,0,0,0,1,1,1,1,1,0,0,0,1,SYMPL CLIMT
852,1,0,0,0,1,1,1,1,1,0,0,0,1,SYMPL CLIMT
853,1,0,0,0,1,1,1,1,1,0,0,0,1,SYMPL CLIMT
854,1,0,0,0,1,1,1,1,1,0,0,0,1,SYMPL CLIMT
855,1,0,0,0,1,1,1,1,1,0,0,0,1,SYMPL CLIMT
856,1,0,0,0,0,0,0,1,1,0,0,0,1,CCSM3
857,1,0,0,0,0,0,0,1,1,0,0,0,1,CCSM3
858,1,0,0,0,0,0,0,1,1,0,0,0,1,CCSM3
859,1,0,0,0,0,0,0,1,1,0,0,0,1,CCSM3
860,1,0,0,0,0,0,0,1,1,0,0,0,1,CCSM3
861,1,0,0,0,0,0,0,1,1,0,0,0,1,CCSM3
862,1,0,0,0,0,0,0,1,1,0,0,0,1,CCSM3
863,1,0,0,0,0,0,0,1,1,0,0,0,1,CCSM3
864,1,0,0,0,0,0,0,1,1,0,0,0,1,CCSM3
865,1,0,0,0,0,0,0,1,1,0,0,0,1,CCSM3
866,1,0,0,0,0,0,0,1,1,0,0,0,1,CGCM3.1
867,1,0,0,0,0,0,0,1,1,0,0,0,1,CGCM3.1
868,1,0,0,0,0,0,0,1,1,0,0,0,1,CGCM3.1
869,1,0,0,0,0,0,0,1,1,0,0,0,1,CGCM3.1
870,1,0,0,0,0,0,0,1,1,0,0,0,1,CGCM3.1
871,1,0,0,0,0,0,0,1,1,0,0,0,1,CGCM3.1
872,1,0,0,0,0,0,0,1,1,0,0,0,1,CGCM3.1
873,1,0,0,0,0,0,0,1,1,0,0,0,1,CGCM3.1
874,1,0,0,0,0,0,0,1,1,0,0,0,1,CGCM3.1
875,1,0,0,0,0,0,0,1,1,0,0,0,1,CGCM3.1
876,1,0,0,0,0,0,0,1,1,0,0,0,1,CGCM3.1
877,1,0,0,0,0,0,0,1,1,0,0,0,1,CNRM-CM3
878,1,0,0,0,0,0,0,1,1,0,0,0,1,CNRM-CM3
879,1,0,0,0,0,0,0,1,1,0,0,0,1,CNRM-CM3
880,1,0,0,0,0,0,0,1,1,0,0,0,1,CNRM-CM3
881,1,0,0,0,0,0,0,1,1,0,0,0,1,CNRM-CM3
882,1,0,0,0,0,0,0,1,1,0,0,0,1,CNRM-CM3
883,1,0,0,0,0,0,0,1,1,0,0,0,1,CNRM-CM3
884,1,0,0,0,0,0,0,1,1,0,0,0,1,CNRM-CM3
885,1,0,0,0,0,0,0,1,1,0,0,0,1,CNRM-CM3
886,1,0,0,0,0,0,0,1,1,0,0,0,1,CSIRO-MK3.0
887,1,0,0,0,0,0,0,1,1,0,0,0,1,CSIRO-MK3.0
888,1,0,0,0,0,0,0,1,1,0,0,0,1,CSIRO-MK3.0
889,1,0,0,0,0,0,0,1,1,0,0,0,1,CSIRO-MK3.0
890,1,0,0,0,0,0,0,1,1,0,0,0,1,CSIRO-MK3.0
891,1,0,0,0,0,0,0,1,1,0,0,0,1,CSIRO-MK3.0
892,1,0,0,0,0,0,0,1,1,0,0,0,1,CSIRO-MK3.0
893,1,0,0,0,0,0,0,1,1,0,0,0,1,CSIRO-MK3.0
894,1,0,0,0,0,0,0,1,1,0,0,0,1,CSIRO-MK3.0
895,1,0,0,0,0,0,0,1,1,0,0,0,1,ECHAM5/MPI-OM
896,1,0,0,0,0,0,0,1,1,0,0,0,1,ECHAM5/MPI-OM
897,1,0,0,0,0,0,0,1,1,0,0,0,1,ECHAM5/MPI-OM
898,1,0,0,0,0,0,0,1,1,0,0,0,1,ECHAM5/MPI-OM
899,1,0,0,0,0,0,0,1,1,0,0,0,1,ECHAM5/MPI-OM
900,1,0,0,0,0,0,0,1,1,0,0,0,1,ECHAM5/MPI-OM
901,1,0,0,0,0,0,0,1,1,0,0,0,1,ECHAM5/MPI-OM
902,1,0,0,0,0,0,0,1,1,0,0,0,1,ECHAM5/MPI-OM
903,1,0,0,0,0,0,0,1,1,0,0,0,1,ECHAM5/MPI-OM
904,1,0,0,0,0,0,0,1,1,0,0,0,1,ECHO-G
905,1,0,0,0,0,0,0,1,1,0,0,0,1,ECHO-G
906,1,0,0,0,0,0,0,1,1,0,0,0,1,ECHO-G
907,1,0,0,0,0,0,0,1,1,0,0,0,1,ECHO-G
908,1,0,0,0,0,0,0,1,1,0,0,0,1,ECHO-G
909,1,0,0,0,0,0,0,1,1,0,0,0,1,ECHO-G
910,1,0,0,0,0,0,0,1,1,0,0,0,1,ECHO-G
911,1,0,0,0,0,0,0,1,1,0,0,0,1,ECHO-G
912,1,0,0,0,0,0,0,1,1,0,0,0,1,ECHO-G
913,1,0,0,0,0,0,0,1,1,0,0,0,1,FGOALS-g1.0
914,1,0,0,0,0,0,0,1,1,0,0,0,1,FGOALS-g1.0
915,1,0,0,0,0,0,0,1,1,0,0,0,1,FGOALS-g1.0
916,1,0,0,0,0,0,0,1,1,0,0,0,1,FGOALS-g1.0
917,1,0,0,0,0,0,0,1,1,0,0,0,1,FGOALS-g1.0
918,1,0,0,0,0,0,0,1,1,0,0,0,1,FGOALS-g1.0
919,1,0,0,0,0,0,0,1,1,0,0,0,1,FGOALS-g1.0
920,1,0,0,0,0,0,0,1,1,0,0,0,1,FGOALS-g1.0
921,1,0,0,0,0,0,0,1,1,0,0,0,1,FGOALS-g1.0
922,1,0,0,0,0,0,0,1,1,0,0,0,1,FGOALS-g1.0
923,1,0,0,0,0,0,0,1,1,0,0,0,1,FGOALS-g1.0
924,1,0,0,0,0,0,0,1,1,0,0,0,1,FGOALS-g1.0
925,1,0,0,0,0,0,0,1,1,0,0,0,1,MRI-CGM2.3.2
926,1,0,0,0,0,0,0,1,1,0,0,0,1,MRI-CGM2.3.2
927,1,0,0,0,0,0,0,1,1,0,0,0,1,MRI-CGM2.3.2
928,1,0,0,0,0,0,0,1,1,0,0,0,1,MRI-CGM2.3.2
929,1,0,0,0,0,0,0,1,1,0,0,0,1,MRI-CGM2.3.2
930,1,0,0,0,0,0,0,1,1,0,0,0,1,MRI-CGM2.3.2
931,1,0,0,0,0,0,0,1,1,0,0,0,1,MRI-CGM2.3.2
932,1,0,0,0,0,0,0,1,1,0,0,0,1,PCM
933,1,0,0,0,0,0,0,1,1,0,0,0,1,PCM
934,1,0,0,0,0,0,0,1,1,0,0,0,1,PCM
935,1,0,0,0,0,0,0,1,1,0,0,0,1,PCM
936,1,0,0,0,0,0,0,1,1,0,0,0,1,PCM
937,1,0,0,0,0,0,0,1,1,0,0,0,1,PCM
938,1,0,0,0,0,0,0,1,1,0,0,0,1,PCM
939,1,0,0,0,0,0,0,1,1,0,0,0,1,PCM
940,1,0,0,0,0,0,0,1,1,0,0,0,1,UKMO-HadCM3
941,1,0,0,0,0,0,0,1,1,0,0,0,1,UKMO-HadCM3
942,1,0,0,0,0,0,0,1,1,0,0,0,1,UKMO-HadCM3
943,1,0,0,0,0,0,0,1,1,0,0,0,1,UKMO-HadCM3
944,1,0,0,0,0,0,0,1,1,0,0,0,1,UKMO-HadCM3
945,1,0,0,0,0,0,0,1,1,0,0,0,1,UKMO-HadCM3
946,1,0,0,0,0,0,0,1,1,0,0,0,1,UKMO-HadGEM
947,1,0,0,0,0,0,0,1,1,0,0,0,1,UKMO-HadGEM
948,1,0,0,0,0,0,0,1,1,0,0,0,1,UKMO-HadGEM
949,1,0,0,0,0,0,0,1,1,0,0,0,1,UKMO-HadGEM
950,1,0,0,0,0,0,0,1,1,0,0,0,1,UKMO-HadGEM
951,1,0,0,0,0,0,0,1,1,0,0,0,1,UKMO-HadGEM
952,1,0,0,0,0,1,0,0,0,0,1,0,0,CLIMLAB 
953,1,0,0,0,0,1,0,0,0,0,1,0,0,CLIMLAB 
954,1,0,0,0,0,1,0,0,0,0,1,0,0,CLIMLAB 
955,1,0,0,0,0,1,0,0,0,0,1,0,0,CLIMLAB 
956,1,0,0,0,0,1,0,0,0,0,1,0,0,CLIMLAB 
957,1,0,0,0,0,1,0,0,0,0,1,0,0,CLIMLAB 
958,1,0,0,0,0,1,0,0,0,0,1,0,0,CLIMLAB 
959,1,0,0,0,0,1,0,0,0,0,1,0,0,CLIMLAB 
960,1,0,0,0,0,1,0,0,0,0,1,0,0,CLIMLAB 
961,1,0,0,0,0,1,0,0,0,0,1,0,0,CLIMLAB 
962,1,0,1,0,1,0,0,1,1,0,0,0,1,CMIP5
963,1,0,1,0,1,0,0,1,1,0,0,0,1,CMIP5
964,1,0,1,0,1,0,0,1,1,0,0,0,1,CMIP5
965,1,0,1,0,1,0,0,1,1,0,0,0,1,CMIP5
966,1,0,1,0,1,0,0,1,1,0,0,0,1,CMIP5
967,1,0,1,0,1,0,0,1,1,0,0,0,1,CMIP5
968,1,0,1,0,1,0,0,1,1,0,0,0,1,CMIP5
969,1,0,1,0,1,0,0,1,1,0,0,0,1,CMIP5
970,1,0,1,0,1,0,0,1,1,0,0,0,1,CMIP5
971,1,0,1,0,1,0,0,1,1,0,0,0,1,CMIP5
972,0,1,0,0,1,0,0,0,0,0,0,1,0,CFSv2
973,0,1,0,0,1,0,0,0,0,0,0,1,0,CFSv2
974,0,1,0,0,1,0,0,0,0,0,0,1,0,CFSv2
975,0,1,0,0,1,0,0,0,0,0,0,1,0,CFSv2
976,0,1,0,0,1,0,0,0,0,0,0,1,0,CFSv2
977,0,1,0,0,1,0,0,0,0,0,0,1,0,CFSv2
978,0,1,0,0,1,0,0,0,0,0,0,1,0,CFSv2
979,0,1,0,0,1,0,0,0,0,0,0,1,0,CFSv2
980,0,1,0,0,1,0,0,0,0,0,0,1,0,CFSv2
981,0,1,0,0,1,0,0,0,0,0,0,1,0,CFSv2
982,1,0,0,0,1,1,1,1,1,0,0,0,1,SYMPL CLIMT
983,1,0,0,0,1,1,1,1,1,0,0,0,1,SYMPL CLIMT
984,1,0,0,0,1,1,1,1,1,0,0,0,1,SYMPL CLIMT
985,1,0,0,0,1,1,1,1,1,0,0,0,1,SYMPL CLIMT
986,1,0,0,0,1,1,1,1,1,0,0,0,1,SYMPL CLIMT
987,1,0,0,0,1,1,1,1,1,0,0,0,1,SYMPL CLIMT
988,1,0,0,0,1,1,1,1,1,0,0,0,1,SYMPL CLIMT
989,1,0,0,0,1,1,1,1,1,0,0,0,1,SYMPL CLIMT
990,1,0,0,0,1,1,1,1,1,0,0,0,1,SYMPL CLIMT
991,1,0,0,0,1,1,1,1,1,0,0,0,1,SYMPL CLIMT
992,1,0,0,0,0,0,0,1,1,0,0,0,1,CCSM3
993,1,0,0,0,0,0,0,1,1,0,0,0,1,CCSM3
994,1,0,0,0,0,0,0,1,1,0,0,0,1,CCSM3
995,1,0,0,0,0,0,0,1,1,0,0,0,1,CCSM3
996,1,0,0,0,0,0,0,1,1,0,0,0,1,CCSM3
997,1,0,0,0,0,0,0,1,1,0,0,0,1,CCSM3
998,1,0,0,0,0,0,0,1,1,0,0,0,1,CCSM3
999,1,0,0,0,0,0,0,1,1,0,0,0,1,CCSM3
1000,1,0,0,0,0,0,0,1,1,0,0,0,1,CCSM3
1001,1,0,0,0,0,0,0,1,1,0,0,0,1,CCSM3
1002,1,0,0,0,0,0,0,1,1,0,0,0,1,CGCM3.1
1003,1,0,0,0,0,0,0,1,1,0,0,0,1,CGCM3.1
1004,1,0,0,0,0,0,0,1,1,0,0,0,1,CGCM3.1
1005,1,0,0,0,0,0,0,1,1,0,0,0,1,CGCM3.1
1006,1,0,0,0,0,0,0,1,1,0,0,0,1,CGCM3.1
1007,1,0,0,0,0,0,0,1,1,0,0,0,1,CGCM3.1
1008,1,0,0,0,0,0,0,1,1,0,0,0,1,CGCM3.1
1009,1,0,0,0,0,0,0,1,1,0,0,0,1,CGCM3.1
1010,1,0,0,0,0,0,0,1,1,0,0,0,1,CGCM3.1
1011,1,0,0,0,0,0,0,1,1,0,0,0,1,CGCM3.1
1012,1,0,0,0,0,0,0,1,1,0,0,0,1,CGCM3.1
1013,1,0,0,0,0,0,0,1,1,0,0,0,1,CNRM-CM3
1014,1,0,0,0,0,0,0,1,1,0,0,0,1,CNRM-CM3
1015,1,0,0,0,0,0,0,1,1,0,0,0,1,CNRM-CM3
1016,1,0,0,0,0,0,0,1,1,0,0,0,1,CNRM-CM3
1017,1,0,0,0,0,0,0,1,1,0,0,0,1,CNRM-CM3
1018,1,0,0,0,0,0,0,1,1,0,0,0,1,CNRM-CM3
1019,1,0,0,0,0,0,0,1,1,0,0,0,1,CNRM-CM3
1020,1,0,0,0,0,0,0,1,1,0,0,0,1,CNRM-CM3
1021,1,0,0,0,0,0,0,1,1,0,0,0,1,CNRM-CM3
1022,1,0,0,0,0,0,0,1,1,0,0,0,1,CSIRO-MK3.0
1023,1,0,0,0,0,0,0,1,1,0,0,0,1,CSIRO-MK3.0
1024,1,0,0,0,0,0,0,1,1,0,0,0,1,CSIRO-MK3.0
1025,1,0,0,0,0,0,0,1,1,0,0,0,1,CSIRO-MK3.0
1026,1,0,0,0,0,0,0,1,1,0,0,0,1,CSIRO-MK3.0
1027,1,0,0,0,0,0,0,1,1,0,0,0,1,CSIRO-MK3.0
1028,1,0,0,0,0,0,0,1,1,0,0,0,1,CSIRO-MK3.0
1029,1,0,0,0,0,0,0,1,1,0,0,0,1,CSIRO-MK3.0
1030,1,0,0,0,0,0,0,1,1,0,0,0,1,CSIRO-MK3.0
1031,1,0,0,0,0,0,0,1,1,0,0,0,1,ECHAM5/MPI-OM
1032,1,0,0,0,0,0,0,1,1,0,0,0,1,ECHAM5/MPI-OM
1033,1,0,0,0,0,0,0,1,1,0,0,0,1,ECHAM5/MPI-OM
1034,1,0,0,0,0,0,0,1,1,0,0,0,1,ECHAM5/MPI-OM
1035,1,0,0,0,0,0,0,1,1,0,0,0,1,ECHAM5/MPI-OM
1036,1,0,0,0,0,0,0,1,1,0,0,0,1,ECHAM5/MPI-OM
1037,1,0,0,0,0,0,0,1,1,0,0,0,1,ECHAM5/MPI-OM
1038,1,0,0,0,0,0,0,1,1,0,0,0,1,ECHAM5/MPI-OM
1039,1,0,0,0,0,0,0,1,1,0,0,0,1,ECHAM5/MPI-OM
1040,1,0,0,0,0,0,0,1,1,0,0,0,1,ECHO-G
1041,1,0,0,0,0,0,0,1,1,0,0,0,1,ECHO-G
1042,1,0,0,0,0,0,0,1,1,0,0,0,1,ECHO-G
1043,1,0,0,0,0,0,0,1,1,0,0,0,1,ECHO-G
1044,1,0,0,0,0,0,0,1,1,0,0,0,1,ECHO-G
1045,1,0,0,0,0,0,0,1,1,0,0,0,1,ECHO-G
1046,1,0,0,0,0,0,0,1,1,0,0,0,1,ECHO-G
1047,1,0,0,0,0,0,0,1,1,0,0,0,1,ECHO-G
1048,1,0,0,0,0,0,0,1,1,0,0,0,1,ECHO-G
1049,1,0,0,0,0,0,0,1,1,0,0,0,1,FGOALS-g1.0
1050,1,0,0,0,0,0,0,1,1,0,0,0,1,FGOALS-g1.0
1051,1,0,0,0,0,0,0,1,1,0,0,0,1,FGOALS-g1.0
1052,1,0,0,0,0,0,0,1,1,0,0,0,1,FGOALS-g1.0
1053,1,0,0,0,0,0,0,1,1,0,0,0,1,FGOALS-g1.0
1054,1,0,0,0,0,0,0,1,1,0,0,0,1,FGOALS-g1.0
1055,1,0,0,0,0,0,0,1,1,0,0,0,1,FGOALS-g1.0
1056,1,0,0,0,0,0,0,1,1,0,0,0,1,FGOALS-g1.0
1057,1,0,0,0,0,0,0,1,1,0,0,0,1,FGOALS-g1.0
1058,1,0,0,0,0,0,0,1,1,0,0,0,1,FGOALS-g1.0
1059,1,0,0,0,0,0,0,1,1,0,0,0,1,FGOALS-g1.0
1060,1,0,0,0,0,0,0,1,1,0,0,0,1,FGOALS-g1.0
1061,1,0,0,0,0,0,0,1,1,0,0,0,1,MRI-CGM2.3.2
1062,1,0,0,0,0,0,0,1,1,0,0,0,1,MRI-CGM2.3.2
1063,1,0,0,0,0,0,0,1,1,0,0,0,1,MRI-CGM2.3.2
1064,1,0,0,0,0,0,0,1,1,0,0,0,1,MRI-CGM2.3.2
1065,1,0,0,0,0,0,0,1,1,0,0,0,1,MRI-CGM2.3.2
1066,1,0,0,0,0,0,0,1,1,0,0,0,1,MRI-CGM2.3.2
1067,1,0,0,0,0,0,0,1,1,0,0,0,1,MRI-CGM2.3.2
1068,1,0,0,0,0,0,0,1,1,0,0,0,1,PCM
1069,1,0,0,0,0,0,0,1,1,0,0,0,1,PCM
1070,1,0,0,0,0,0,0,1,1,0,0,0,1,PCM
1071,1,0,0,0,0,0,0,1,1,0,0,0,1,PCM
1072,1,0,0,0,0,0,0,1,1,0,0,0,1,PCM
1073,1,0,0,0,0,0,0,1,1,0,0,0,1,PCM
1074,1,0,0,0,0,0,0,1,1,0,0,0,1,PCM
1075,1,0,0,0,0,0,0,1,1,0,0,0,1,PCM
1076,1,0,0,0,0,0,0,1,1,0,0,0,1,UKMO-HadCM3
1077,1,0,0,0,0,0,0,1,1,0,0,0,1,UKMO-HadCM3
1078,1,0,0,0,0,0,0,1,1,0,0,0,1,UKMO-HadCM3
1079,1,0,0,0,0,0,0,1,1,0,0,0,1,UKMO-HadCM3
1080,1,0,0,0,0,0,0,1,1,0,0,0,1,UKMO-HadCM3
1081,1,0,0,0,0,0,0,1,1,0,0,0,1,UKMO-HadCM3
1082,1,0,0,0,0,0,0,1,1,0,0,0,1,UKMO-HadGEM
1083,1,0,0,0,0,0,0,1,1,0,0,0,1,UKMO-HadGEM
1084,1,0,0,0,0,0,0,1,1,0,0,0,1,UKMO-HadGEM
1085,1,0,0,0,0,0,0,1,1,0,0,0,1,UKMO-HadGEM
1086,1,0,0,0,0,0,0,1,1,0,0,0,1,UKMO-HadGEM
1087,1,0,0,0,0,0,0,1,1,0,0,0,1,UKMO-HadGEM
1088,1,0,0,0,0,1,0,0,0,0,1,0,0,CLIMLAB 
1089,1,0,0,0,0,1,0,0,0,0,1,0,0,CLIMLAB 
1090,1,0,0,0,0,1,0,0,0,0,1,0,0,CLIMLAB 
1091,1,0,0,0,0,1,0,0,0,0,1,0,0,CLIMLAB 
1092,1,0,0,0,0,1,0,0,0,0,1,0,0,CLIMLAB 
1093,1,0,0,0,0,1,0,0,0,0,1,0,0,CLIMLAB 
1094,1,0,0,0,0,1,0,0,0,0,1,0,0,CLIMLAB 
1095,1,0,0,0,0,1,0,0,0,0,1,0,0,CLIMLAB 
1096,1,0,0,0,0,1,0,0,0,0,1,0,0,CLIMLAB 
1097,1,0,0,0,0,1,0,0,0,0,1,0,0,CLIMLAB 
1098,1,0,1,0,1,0,0,1,1,0,0,0,1,CMIP5
1099,1,0,1,0,1,0,0,1,1,0,0,0,1,CMIP5
1100,1,0,1,0,1,0,0,1,1,0,0,0,1,CMIP5
1101,1,0,1,0,1,0,0,1,1,0,0,0,1,CMIP5
1102,1,0,1,0,1,0,0,1,1,0,0,0,1,CMIP5
1103,1,0,1,0,1,0,0,1,1,0,0,0,1,CMIP5
1104,1,0,1,0,1,0,0,1,1,0,0,0,1,CMIP5
1105,1,0,1,0,1,0,0,1,1,0,0,0,1,CMIP5
1106,1,0,1,0,1,0,0,1,1,0,0,0,1,CMIP5
1107,1,0,1,0,1,0,0,1,1,0,0,0,1,CMIP5
1108,0,1,0,0,1,0,0,0,0,0,0,1,0,CFSv2
1109,0,1,0,0,1,0,0,0,0,0,0,1,0,CFSv2
1110,0,1,0,0,1,0,0,0,0,0,0,1,0,CFSv2
1111,0,1,0,0,1,0,0,0,0,0,0,1,0,CFSv2
1112,0,1,0,0,1,0,0,0,0,0,0,1,0,CFSv2
1113,0,1,0,0,1,0,0,0,0,0,0,1,0,CFSv2
1114,0,1,0,0,1,0,0,0,0,0,0,1,0,CFSv2
1115,0,1,0,0,1,0,0,0,0,0,0,1,0,CFSv2
1116,0,1,0,0,1,0,0,0,0,0,0,1,0,CFSv2
1117,0,1,0,0,1,0,0,0,0,0,0,1,0,CFSv2
1118,1,0,0,0,1,1,1,1,1,0,0,0,1,SYMPL CLIMT
1119,1,0,0,0,1,1,1,1,1,0,0,0,1,SYMPL CLIMT
1120,1,0,0,0,1,1,1,1,1,0,0,0,1,SYMPL CLIMT
1121,1,0,0,0,1,1,1,1,1,0,0,0,1,SYMPL CLIMT
1122,1,0,0,0,1,1,1,1,1,0,0,0,1,SYMPL CLIMT
1123,1,0,0,0,1,1,1,1,1,0,0,0,1,SYMPL CLIMT
1124,1,0,0,0,1,1,1,1,1,0,0,0,1,SYMPL CLIMT
1125,1,0,0,0,1,1,1,1,1,0,0,0,1,SYMPL CLIMT
1126,1,0,0,0,1,1,1,1,1,0,0,0,1,SYMPL CLIMT
1127,1,0,0,0,1,1,1,1,1,0,0,0,1,SYMPL CLIMT
1128,1,0,0,0,0,0,0,1,1,0,0,0,1,CCSM3
1129,1,0,0,0,0,0,0,1,1,0,0,0,1,CCSM3
1130,1,0,0,0,0,0,0,1,1,0,0,0,1,CCSM3
1131,1,0,0,0,0,0,0,1,1,0,0,0,1,CCSM3
1132,1,0,0,0,0,0,0,1,1,0,0,0,1,CCSM3
1133,1,0,0,0,0,0,0,1,1,0,0,0,1,CCSM3
1134,1,0,0,0,0,0,0,1,1,0,0,0,1,CCSM3
1135,1,0,0,0,0,0,0,1,1,0,0,0,1,CCSM3
1136,1,0,0,0,0,0,0,1,1,0,0,0,1,CCSM3
1137,1,0,0,0,0,0,0,1,1,0,0,0,1,CCSM3
1138,1,0,0,0,0,0,0,1,1,0,0,0,1,CGCM3.1
1139,1,0,0,0,0,0,0,1,1,0,0,0,1,CGCM3.1
1140,1,0,0,0,0,0,0,1,1,0,0,0,1,CGCM3.1
1141,1,0,0,0,0,0,0,1,1,0,0,0,1,CGCM3.1
1142,1,0,0,0,0,0,0,1,1,0,0,0,1,CGCM3.1
1143,1,0,0,0,0,0,0,1,1,0,0,0,1,CGCM3.1
1144,1,0,0,0,0,0,0,1,1,0,0,0,1,CGCM3.1
1145,1,0,0,0,0,0,0,1,1,0,0,0,1,CGCM3.1
1146,1,0,0,0,0,0,0,1,1,0,0,0,1,CGCM3.1
1147,1,0,0,0,0,0,0,1,1,0,0,0,1,CGCM3.1
1148,1,0,0,0,0,0,0,1,1,0,0,0,1,CGCM3.1
1149,1,0,0,0,0,0,0,1,1,0,0,0,1,CNRM-CM3
1150,1,0,0,0,0,0,0,1,1,0,0,0,1,CNRM-CM3
1151,1,0,0,0,0,0,0,1,1,0,0,0,1,CNRM-CM3
1152,1,0,0,0,0,0,0,1,1,0,0,0,1,CNRM-CM3
1153,1,0,0,0,0,0,0,1,1,0,0,0,1,CNRM-CM3
1154,1,0,0,0,0,0,0,1,1,0,0,0,1,CNRM-CM3
1155,1,0,0,0,0,0,0,1,1,0,0,0,1,CNRM-CM3
1156,1,0,0,0,0,0,0,1,1,0,0,0,1,CNRM-CM3
1157,1,0,0,0,0,0,0,1,1,0,0,0,1,CNRM-CM3
1158,1,0,0,0,0,0,0,1,1,0,0,0,1,CSIRO-MK3.0
1159,1,0,0,0,0,0,0,1,1,0,0,0,1,CSIRO-MK3.0
1160,1,0,0,0,0,0,0,1,1,0,0,0,1,CSIRO-MK3.0
1161,1,0,0,0,0,0,0,1,1,0,0,0,1,CSIRO-MK3.0
1162,1,0,0,0,0,0,0,1,1,0,0,0,1,CSIRO-MK3.0
1163,1,0,0,0,0,0,0,1,1,0,0,0,1,CSIRO-MK3.0
1164,1,0,0,0,0,0,0,1,1,0,0,0,1,CSIRO-MK3.0
1165,1,0,0,0,0,0,0,1,1,0,0,0,1,CSIRO-MK3.0
1166,1,0,0,0,0,0,0,1,1,0,0,0,1,CSIRO-MK3.0
1167,1,0,0,0,0,0,0,1,1,0,0,0,1,ECHAM5/MPI-OM
1168,1,0,0,0,0,0,0,1,1,0,0,0,1,ECHAM5/MPI-OM
1169,1,0,0,0,0,0,0,1,1,0,0,0,1,ECHAM5/MPI-OM
1170,1,0,0,0,0,0,0,1,1,0,0,0,1,ECHAM5/MPI-OM
1171,1,0,0,0,0,0,0,1,1,0,0,0,1,ECHAM5/MPI-OM
1172,1,0,0,0,0,0,0,1,1,0,0,0,1,ECHAM5/MPI-OM
1173,1,0,0,0,0,0,0,1,1,0,0,0,1,ECHAM5/MPI-OM
1174,1,0,0,0,0,0,0,1,1,0,0,0,1,ECHAM5/MPI-OM
1175,1,0,0,0,0,0,0,1,1,0,0,0,1,ECHAM5/MPI-OM
1176,1,0,0,0,0,0,0,1,1,0,0,0,1,ECHO-G
1177,1,0,0,0,0,0,0,1,1,0,0,0,1,ECHO-G
1178,1,0,0,0,0,0,0,1,1,0,0,0,1,ECHO-G
1179,1,0,0,0,0,0,0,1,1,0,0,0,1,ECHO-G
1180,1,0,0,0,0,0,0,1,1,0,0,0,1,ECHO-G
1181,1,0,0,0,0,0,0,1,1,0,0,0,1,ECHO-G
1182,1,0,0,0,0,0,0,1,1,0,0,0,1,ECHO-G
1183,1,0,0,0,0,0,0,1,1,0,0,0,1,ECHO-G
1184,1,0,0,0,0,0,0,1,1,0,0,0,1,ECHO-G
1185,1,0,0,0,0,0,0,1,1,0,0,0,1,FGOALS-g1.0
1186,1,0,0,0,0,0,0,1,1,0,0,0,1,FGOALS-g1.0
1187,1,0,0,0,0,0,0,1,1,0,0,0,1,FGOALS-g1.0
1188,1,0,0,0,0,0,0,1,1,0,0,0,1,FGOALS-g1.0
1189,1,0,0,0,0,0,0,1,1,0,0,0,1,FGOALS-g1.0
1190,1,0,0,0,0,0,0,1,1,0,0,0,1,FGOALS-g1.0
1191,1,0,0,0,0,0,0,1,1,0,0,0,1,FGOALS-g1.0
1192,1,0,0,0,0,0,0,1,1,0,0,0,1,FGOALS-g1.0
1193,1,0,0,0,0,0,0,1,1,0,0,0,1,FGOALS-g1.0
1194,1,0,0,0,0,0,0,1,1,0,0,0,1,FGOALS-g1.0
1195,1,0,0,0,0,0,0,1,1,0,0,0,1,FGOALS-g1.0
1196,1,0,0,0,0,0,0,1,1,0,0,0,1,FGOALS-g1.0
1197,1,0,0,0,0,0,0,1,1,0,0,0,1,MRI-CGM2.3.2
1198,1,0,0,0,0,0,0,1,1,0,0,0,1,MRI-CGM2.3.2
1199,1,0,0,0,0,0,0,1,1,0,0,0,1,MRI-CGM2.3.2
1200,1,0,0,0,0,0,0,1,1,0,0,0,1,MRI-CGM2.3.2
1201,1,0,0,0,0,0,0,1,1,0,0,0,1,MRI-CGM2.3.2
1202,1,0,0,0,0,0,0,1,1,0,0,0,1,MRI-CGM2.3.2
1203,1,0,0,0,0,0,0,1,1,0,0,0,1,MRI-CGM2.3.2
1204,1,0,0,0,0,0,0,1,1,0,0,0,1,PCM
1205,1,0,0,0,0,0,0,1,1,0,0,0,1,PCM
1206,1,0,0,0,0,0,0,1,1,0,0,0,1,PCM
1207,1,0,0,0,0,0,0,1,1,0,0,0,1,PCM
1208,1,0,0,0,0,0,0,1,1,0,0,0,1,PCM
1209,1,0,0,0,0,0,0,1,1,0,0,0,1,PCM
1210,1,0,0,0,0,0,0,1,1,0,0,0,1,PCM
1211,1,0,0,0,0,0,0,1,1,0,0,0,1,PCM
1212,1,0,0,0,0,0,0,1,1,0,0,0,1,UKMO-HadCM3
1213,1,0,0,0,0,0,0,1,1,0,0,0,1,UKMO-HadCM3
1214,1,0,0,0,0,0,0,1,1,0,0,0,1,UKMO-HadCM3
1215,1,0,0,0,0,0,0,1,1,0,0,0,1,UKMO-HadCM3
1216,1,0,0,0,0,0,0,1,1,0,0,0,1,UKMO-HadCM3
1217,1,0,0,0,0,0,0,1,1,0,0,0,1,UKMO-HadCM3
1218,1,0,0,0,0,0,0,1,1,0,0,0,1,UKMO-HadGEM
1219,1,0,0,0,0,0,0,1,1,0,0,0,1,UKMO-HadGEM
1220,1,0,0,0,0,0,0,1,1,0,0,0,1,UKMO-HadGEM
1221,1,0,0,0,0,0,0,1,1,0,0,0,1,UKMO-HadGEM
1222,1,0,0,0,0,0,0,1,1,0,0,0,1,UKMO-HadGEM
1223,1,0,0,0,0,0,0,1,1,0,0,0,1,UKMO-HadGEM
1224,1,0,0,0,0,1,0,0,0,0,1,0,0,CLIMLAB 
1225,1,0,0,0,0,1,0,0,0,0,1,0,0,CLIMLAB 
1226,1,0,0,0,0,1,0,0,0,0,1,0,0,CLIMLAB 
1227,1,0,0,0,0,1,0,0,0,0,1,0,0,CLIMLAB 
1228,1,0,0,0,0,1,0,0,0,0,1,0,0,CLIMLAB 
1229,1,0,0,0,0,1,0,0,0,0,1,0,0,CLIMLAB 
1230,1,0,0,0,0,1,0,0,0,0,1,0,0,CLIMLAB 
1231,1,0,0,0,0,1,0,0,0,0,1,0,0,CLIMLAB 
1232,1,0,0,0,0,1,0,0,0,0,1,0,0,CLIMLAB 
1233,1,0,0,0,0,1,0,0,0,0,1,0,0,CLIMLAB 
1234,1,0,1,0,1,0,0,1,1,0,0,0,1,CMIP5
1235,1,0,1,0,1,0,0,1,1,0,0,0,1,CMIP5
1236,1,0,1,0,1,0,0,1,1,0,0,0,1,CMIP5
1237,1,0,1,0,1,0,0,1,1,0,0,0,1,CMIP5
1238,1,0,1,0,1,0,0,1,1,0,0,0,1,CMIP5
1239,1,0,1,0,1,0,0,1,1,0,0,0,1,CMIP5
1240,1,0,1,0,1,0,0,1,1,0,0,0,1,CMIP5
1241,1,0,1,0,1,0,0,1,1,0,0,0,1,CMIP5
1242,1,0,1,0,1,0,0,1,1,0,0,0,1,CMIP5
1243,1,0,1,0,1,0,0,1,1,0,0,0,1,CMIP5
1244,0,1,0,0,1,0,0,0,0,0,0,1,0,CFSv2
1245,0,1,0,0,1,0,0,0,0,0,0,1,0,CFSv2
1246,0,1,0,0,1,0,0,0,0,0,0,1,0,CFSv2
1247,0,1,0,0,1,0,0,0,0,0,0,1,0,CFSv2
1248,0,1,0,0,1,0,0,0,0,0,0,1,0,CFSv2
1249,0,1,0,0,1,0,0,0,0,0,0,1,0,CFSv2
1250,0,1,0,0,1,0,0,0,0,0,0,1,0,CFSv2
1251,0,1,0,0,1,0,0,0,0,0,0,1,0,CFSv2
1252,0,1,0,0,1,0,0,0,0,0,0,1,0,CFSv2
1253,0,1,0,0,1,0,0,0,0,0,0,1,0,CFSv2
1254,1,0,0,0,1,1,1,1,1,0,0,0,1,SYMPL CLIMT
1255,1,0,0,0,1,1,1,1,1,0,0,0,1,SYMPL CLIMT
1256,1,0,0,0,1,1,1,1,1,0,0,0,1,SYMPL CLIMT
1257,1,0,0,0,1,1,1,1,1,0,0,0,1,SYMPL CLIMT
1258,1,0,0,0,1,1,1,1,1,0,0,0,1,SYMPL CLIMT
1259,1,0,0,0,1,1,1,1,1,0,0,0,1,SYMPL CLIMT
1260,1,0,0,0,1,1,1,1,1,0,0,0,1,SYMPL CLIMT
1261,1,0,0,0,1,1,1,1,1,0,0,0,1,SYMPL CLIMT
1262,1,0,0,0,1,1,1,1,1,0,0,0,1,SYMPL CLIMT
1263,1,0,0,0,1,1,1,1,1,0,0,0,1,SYMPL CLIMT
1264,1,0,0,0,0,0,0,1,1,0,0,0,1,CCSM3
1265,1,0,0,0,0,0,0,1,1,0,0,0,1,CCSM3
1266,1,0,0,0,0,0,0,1,1,0,0,0,1,CCSM3
1267,1,0,0,0,0,0,0,1,1,0,0,0,1,CCSM3
1268,1,0,0,0,0,0,0,1,1,0,0,0,1,CCSM3
1269,1,0,0,0,0,0,0,1,1,0,0,0,1,CCSM3
1270,1,0,0,0,0,0,0,1,1,0,0,0,1,CCSM3
1271,1,0,0,0,0,0,0,1,1,0,0,0,1,CCSM3
1272,1,0,0,0,0,0,0,1,1,0,0,0,1,CCSM3
1273,1,0,0,0,0,0,0,1,1,0,0,0,1,CCSM3
1274,1,0,0,0,0,0,0,1,1,0,0,0,1,CGCM3.1
1275,1,0,0,0,0,0,0,1,1,0,0,0,1,CGCM3.1
1276,1,0,0,0,0,0,0,1,1,0,0,0,1,CGCM3.1
1277,1,0,0,0,0,0,0,1,1,0,0,0,1,CGCM3.1
1278,1,0,0,0,0,0,0,1,1,0,0,0,1,CGCM3.1
1279,1,0,0,0,0,0,0,1,1,0,0,0,1,CGCM3.1
1280,1,0,0,0,0,0,0,1,1,0,0,0,1,CGCM3.1
1281,1,0,0,0,0,0,0,1,1,0,0,0,1,CGCM3.1
1282,1,0,0,0,0,0,0,1,1,0,0,0,1,CGCM3.1
1283,1,0,0,0,0,0,0,1,1,0,0,0,1,CGCM3.1
1284,1,0,0,0,0,0,0,1,1,0,0,0,1,CGCM3.1
1285,1,0,0,0,0,0,0,1,1,0,0,0,1,CNRM-CM3
1286,1,0,0,0,0,0,0,1,1,0,0,0,1,CNRM-CM3
1287,1,0,0,0,0,0,0,1,1,0,0,0,1,CNRM-CM3
1288,1,0,0,0,0,0,0,1,1,0,0,0,1,CNRM-CM3
1289,1,0,0,0,0,0,0,1,1,0,0,0,1,CNRM-CM3
1290,1,0,0,0,0,0,0,1,1,0,0,0,1,CNRM-CM3
1291,1,0,0,0,0,0,0,1,1,0,0,0,1,CNRM-CM3
1292,1,0,0,0,0,0,0,1,1,0,0,0,1,CNRM-CM3
1293,1,0,0,0,0,0,0,1,1,0,0,0,1,CNRM-CM3
1294,1,0,0,0,0,0,0,1,1,0,0,0,1,CSIRO-MK3.0
1295,1,0,0,0,0,0,0,1,1,0,0,0,1,CSIRO-MK3.0
1296,1,0,0,0,0,0,0,1,1,0,0,0,1,CSIRO-MK3.0
1297,1,0,0,0,0,0,0,1,1,0,0,0,1,CSIRO-MK3.0
1298,1,0,0,0,0,0,0,1,1,0,0,0,1,CSIRO-MK3.0
1299,1,0,0,0,0,0,0,1,1,0,0,0,1,CSIRO-MK3.0
1300,1,0,0,0,0,0,0,1,1,0,0,0,1,CSIRO-MK3.0
1301,1,0,0,0,0,0,0,1,1,0,0,0,1,CSIRO-MK3.0
1302,1,0,0,0,0,0,0,1,1,0,0,0,1,CSIRO-MK3.0
1303,1,0,0,0,0,0,0,1,1,0,0,0,1,ECHAM5/MPI-OM
1304,1,0,0,0,0,0,0,1,1,0,0,0,1,ECHAM5/MPI-OM
1305,1,0,0,0,0,0,0,1,1,0,0,0,1,ECHAM5/MPI-OM
1306,1,0,0,0,0,0,0,1,1,0,0,0,1,ECHAM5/MPI-OM
1307,1,0,0,0,0,0,0,1,1,0,0,0,1,ECHAM5/MPI-OM
1308,1,0,0,0,0,0,0,1,1,0,0,0,1,ECHAM5/MPI-OM
1309,1,0,0,0,0,0,0,1,1,0,0,0,1,ECHAM5/MPI-OM
1310,1,0,0,0,0,0,0,1,1,0,0,0,1,ECHAM5/MPI-OM
1311,1,0,0,0,0,0,0,1,1,0,0,0,1,ECHAM5/MPI-OM
1312,1,0,0,0,0,0,0,1,1,0,0,0,1,ECHO-G
1313,1,0,0,0,0,0,0,1,1,0,0,0,1,ECHO-G
1314,1,0,0,0,0,0,0,1,1,0,0,0,1,ECHO-G
1315,1,0,0,0,0,0,0,1,1,0,0,0,1,ECHO-G
1316,1,0,0,0,0,0,0,1,1,0,0,0,1,ECHO-G
1317,1,0,0,0,0,0,0,1,1,0,0,0,1,ECHO-G
1318,1,0,0,0,0,0,0,1,1,0,0,0,1,ECHO-G
1319,1,0,0,0,0,0,0,1,1,0,0,0,1,ECHO-G
1320,1,0,0,0,0,0,0,1,1,0,0,0,1,ECHO-G
1321,1,0,0,0,0,0,0,1,1,0,0,0,1,FGOALS-g1.0
1322,1,0,0,0,0,0,0,1,1,0,0,0,1,FGOALS-g1.0
1323,1,0,0,0,0,0,0,1,1,0,0,0,1,FGOALS-g1.0
1324,1,0,0,0,0,0,0,1,1,0,0,0,1,FGOALS-g1.0
1325,1,0,0,0,0,0,0,1,1,0,0,0,1,FGOALS-g1.0
1326,1,0,0,0,0,0,0,1,1,0,0,0,1,FGOALS-g1.0
1327,1,0,0,0,0,0,0,1,1,0,0,0,1,FGOALS-g1.0
1328,1,0,0,0,0,0,0,1,1,0,0,0,1,FGOALS-g1.0
1329,1,0,0,0,0,0,0,1,1,0,0,0,1,FGOALS-g1.0
1330,1,0,0,0,0,0,0,1,1,0,0,0,1,FGOALS-g1.0
1331,1,0,0,0,0,0,0,1,1,0,0,0,1,FGOALS-g1.0
1332,1,0,0,0,0,0,0,1,1,0,0,0,1,FGOALS-g1.0
1333,1,0,0,0,0,0,0,1,1,0,0,0,1,MRI-CGM2.3.2
1334,1,0,0,0,0,0,0,1,1,0,0,0,1,MRI-CGM2.3.2
1335,1,0,0,0,0,0,0,1,1,0,0,0,1,MRI-CGM2.3.2
1336,1,0,0,0,0,0,0,1,1,0,0,0,1,MRI-CGM2.3.2
1337,1,0,0,0,0,0,0,1,1,0,0,0,1,MRI-CGM2.3.2
1338,1,0,0,0,0,0,0,1,1,0,0,0,1,MRI-CGM2.3.2
1339,1,0,0,0,0,0,0,1,1,0,0,0,1,MRI-CGM2.3.2
1340,1,0,0,0,0,0,0,1,1,0,0,0,1,PCM
1341,1,0,0,0,0,0,0,1,1,0,0,0,1,PCM
1342,1,0,0,0,0,0,0,1,1,0,0,0,1,PCM
1343,1,0,0,0,0,0,0,1,1,0,0,0,1,PCM
1344,1,0,0,0,0,0,0,1,1,0,0,0,1,PCM
1345,1,0,0,0,0,0,0,1,1,0,0,0,1,PCM
1346,1,0,0,0,0,0,0,1,1,0,0,0,1,PCM
1347,1,0,0,0,0,0,0,1,1,0,0,0,1,PCM
1348,1,0,0,0,0,0,0,1,1,0,0,0,1,UKMO-HadCM3
1349,1,0,0,0,0,0,0,1,1,0,0,0,1,UKMO-HadCM3
1350,1,0,0,0,0,0,0,1,1,0,0,0,1,UKMO-HadCM3
1351,1,0,0,0,0,0,0,1,1,0,0,0,1,UKMO-HadCM3
1352,1,0,0,0,0,0,0,1,1,0,0,0,1,UKMO-HadCM3
1353,1,0,0,0,0,0,0,1,1,0,0,0,1,UKMO-HadCM3
1354,1,0,0,0,0,0,0,1,1,0,0,0,1,UKMO-HadGEM
1355,1,0,0,0,0,0,0,1,1,0,0,0,1,UKMO-HadGEM
1356,1,0,0,0,0,0,0,1,1,0,0,0,1,UKMO-HadGEM
1357,1,0,0,0,0,0,0,1,1,0,0,0,1,UKMO-HadGEM
1358,1,0,0,0,0,0,0,1,1,0,0,0,1,UKMO-HadGEM
1359,1,0,0,0,0,0,0,1,1,0,0,0,1,UKMO-HadGEM
1360,1,0,0,0,0,1,0,0,0,0,1,0,0,CLIMLAB 
1361,1,0,0,0,0,1,0,0,0,0,1,0,0,CLIMLAB 
1362,1,0,0,0,0,1,0,0,0,0,1,0,0,CLIMLAB 
1363,1,0,0,0,0,1,0,0,0,0,1,0,0,CLIMLAB 
1364,1,0,0,0,0,1,0,0,0,0,1,0,0,CLIMLAB 
1365,1,0,0,0,0,1,0,0,0,0,1,0,0,CLIMLAB 
1366,1,0,0,0,0,1,0,0,0,0,1,0,0,CLIMLAB 
1367,1,0,0,0,0,1,0,0,0,0,1,0,0,CLIMLAB 
1368,1,0,0,0,0,1,0,0,0,0,1,0,0,CLIMLAB 
1369,1,0,0,0,0,1,0,0,0,0,1,0,0,CLIMLAB 
1370,1,0,1,0,1,0,0,1,1,0,0,0,1,CMIP5
1371,1,0,1,0,1,0,0,1,1,0,0,0,1,CMIP5
1372,1,0,1,0,1,0,0,1,1,0,0,0,1,CMIP5
1373,1,0,1,0,1,0,0,1,1,0,0,0,1,CMIP5
1374,1,0,1,0,1,0,0,1,1,0,0,0,1,CMIP5
1375,1,0,1,0,1,0,0,1,1,0,0,0,1,CMIP5
1376,1,0,1,0,1,0,0,1,1,0,0,0,1,CMIP5
1377,1,0,1,0,1,0,0,1,1,0,0,0,1,CMIP5
1378,1,0,1,0,1,0,0,1,1,0,0,0,1,CMIP5
1379,1,0,1,0,1,0,0,1,1,0,0,0,1,CMIP5
1380,0,1,0,0,1,0,0,0,0,0,0,1,0,CFSv2
1381,0,1,0,0,1,0,0,0,0,0,0,1,0,CFSv2
1382,0,1,0,0,1,0,0,0,0,0,0,1,0,CFSv2
1383,0,1,0,0,1,0,0,0,0,0,0,1,0,CFSv2
1384,0,1,0,0,1,0,0,0,0,0,0,1,0,CFSv2
1385,0,1,0,0,1,0,0,0,0,0,0,1,0,CFSv2
1386,0,1,0,0,1,0,0,0,0,0,0,1,0,CFSv2
1387,0,1,0,0,1,0,0,0,0,0,0,1,0,CFSv2
1388,0,1,0,0,1,0,0,0,0,0,0,1,0,CFSv2
1389,0,1,0,0,1,0,0,0,0,0,0,1,0,CFSv2
1390,1,0,0,0,1,1,1,1,1,0,0,0,1,SYMPL CLIMT
1391,1,0,0,0,1,1,1,1,1,0,0,0,1,SYMPL CLIMT
1392,1,0,0,0,1,1,1,1,1,0,0,0,1,SYMPL CLIMT
1393,1,0,0,0,1,1,1,1,1,0,0,0,1,SYMPL CLIMT
1394,1,0,0,0,1,1,1,1,1,0,0,0,1,SYMPL CLIMT
1395,1,0,0,0,1,1,1,1,1,0,0,0,1,SYMPL CLIMT
1396,1,0,0,0,1,1,1,1,1,0,0,0,1,SYMPL CLIMT
1397,1,0,0,0,1,1,1,1,1,0,0,0,1,SYMPL CLIMT
1398,1,0,0,0,1,1,1,1,1,0,0,0,1,SYMPL CLIMT
1399,1,0,0,0,1,1,1,1,1,0,0,0,1,SYMPL CLIMT
1400,1,0,0,0,0,0,0,1,1,0,0,0,1,CCSM3
1401,1,0,0,0,0,0,0,1,1,0,0,0,1,CCSM3
1402,1,0,0,0,0,0,0,1,1,0,0,0,1,CCSM3
1403,1,0,0,0,0,0,0,1,1,0,0,0,1,CCSM3
1404,1,0,0,0,0,0,0,1,1,0,0,0,1,CCSM3
1405,1,0,0,0,0,0,0,1,1,0,0,0,1,CCSM3
1406,1,0,0,0,0,0,0,1,1,0,0,0,1,CCSM3
1407,1,0,0,0,0,0,0,1,1,0,0,0,1,CCSM3
1408,1,0,0,0,0,0,0,1,1,0,0,0,1,CCSM3
1409,1,0,0,0,0,0,0,1,1,0,0,0,1,CCSM3
1410,1,0,0,0,0,0,0,1,1,0,0,0,1,CGCM3.1
1411,1,0,0,0,0,0,0,1,1,0,0,0,1,CGCM3.1
1412,1,0,0,0,0,0,0,1,1,0,0,0,1,CGCM3.1
1413,1,0,0,0,0,0,0,1,1,0,0,0,1,CGCM3.1
1414,1,0,0,0,0,0,0,1,1,0,0,0,1,CGCM3.1
1415,1,0,0,0,0,0,0,1,1,0,0,0,1,CGCM3.1
1416,1,0,0,0,0,0,0,1,1,0,0,0,1,CGCM3.1
1417,1,0,0,0,0,0,0,1,1,0,0,0,1,CGCM3.1
1418,1,0,0,0,0,0,0,1,1,0,0,0,1,CGCM3.1
1419,1,0,0,0,0,0,0,1,1,0,0,0,1,CGCM3.1
1420,1,0,0,0,0,0,0,1,1,0,0,0,1,CGCM3.1
1421,1,0,0,0,0,0,0,1,1,0,0,0,1,CNRM-CM3
1422,1,0,0,0,0,0,0,1,1,0,0,0,1,CNRM-CM3
1423,1,0,0,0,0,0,0,1,1,0,0,0,1,CNRM-CM3
1424,1,0,0,0,0,0,0,1,1,0,0,0,1,CNRM-CM3
1425,1,0,0,0,0,0,0,1,1,0,0,0,1,CNRM-CM3
1426,1,0,0,0,0,0,0,1,1,0,0,0,1,CNRM-CM3
1427,1,0,0,0,0,0,0,1,1,0,0,0,1,CNRM-CM3
1428,1,0,0,0,0,0,0,1,1,0,0,0,1,CNRM-CM3
1429,1,0,0,0,0,0,0,1,1,0,0,0,1,CNRM-CM3
1430,1,0,0,0,0,0,0,1,1,0,0,0,1,CSIRO-MK3.0
1431,1,0,0,0,0,0,0,1,1,0,0,0,1,CSIRO-MK3.0
1432,1,0,0,0,0,0,0,1,1,0,0,0,1,CSIRO-MK3.0
1433,1,0,0,0,0,0,0,1,1,0,0,0,1,CSIRO-MK3.0
1434,1,0,0,0,0,0,0,1,1,0,0,0,1,CSIRO-MK3.0
1435,1,0,0,0,0,0,0,1,1,0,0,0,1,CSIRO-MK3.0
1436,1,0,0,0,0,0,0,1,1,0,0,0,1,CSIRO-MK3.0
1437,1,0,0,0,0,0,0,1,1,0,0,0,1,CSIRO-MK3.0
1438,1,0,0,0,0,0,0,1,1,0,0,0,1,CSIRO-MK3.0
1439,1,0,0,0,0,0,0,1,1,0,0,0,1,ECHAM5/MPI-OM
1440,1,0,0,0,0,0,0,1,1,0,0,0,1,ECHAM5/MPI-OM
1441,1,0,0,0,0,0,0,1,1,0,0,0,1,ECHAM5/MPI-OM
1442,1,0,0,0,0,0,0,1,1,0,0,0,1,ECHAM5/MPI-OM
1443,1,0,0,0,0,0,0,1,1,0,0,0,1,ECHAM5/MPI-OM
1444,1,0,0,0,0,0,0,1,1,0,0,0,1,ECHAM5/MPI-OM
1445,1,0,0,0,0,0,0,1,1,0,0,0,1,ECHAM5/MPI-OM
1446,1,0,0,0,0,0,0,1,1,0,0,0,1,ECHAM5/MPI-OM
1447,1,0,0,0,0,0,0,1,1,0,0,0,1,ECHAM5/MPI-OM
1448,1,0,0,0,0,0,0,1,1,0,0,0,1,ECHO-G
1449,1,0,0,0,0,0,0,1,1,0,0,0,1,ECHO-G
1450,1,0,0,0,0,0,0,1,1,0,0,0,1,ECHO-G
1451,1,0,0,0,0,0,0,1,1,0,0,0,1,ECHO-G
1452,1,0,0,0,0,0,0,1,1,0,0,0,1,ECHO-G
1453,1,0,0,0,0,0,0,1,1,0,0,0,1,ECHO-G
1454,1,0,0,0,0,0,0,1,1,0,0,0,1,ECHO-G
1455,1,0,0,0,0,0,0,1,1,0,0,0,1,ECHO-G
1456,1,0,0,0,0,0,0,1,1,0,0,0,1,ECHO-G
1457,1,0,0,0,0,0,0,1,1,0,0,0,1,FGOALS-g1.0
1458,1,0,0,0,0,0,0,1,1,0,0,0,1,FGOALS-g1.0
1459,1,0,0,0,0,0,0,1,1,0,0,0,1,FGOALS-g1.0
1460,1,0,0,0,0,0,0,1,1,0,0,0,1,FGOALS-g1.0
1461,1,0,0,0,0,0,0,1,1,0,0,0,1,FGOALS-g1.0
1462,1,0,0,0,0,0,0,1,1,0,0,0,1,FGOALS-g1.0
1463,1,0,0,0,0,0,0,1,1,0,0,0,1,FGOALS-g1.0
1464,1,0,0,0,0,0,0,1,1,0,0,0,1,FGOALS-g1.0
1465,1,0,0,0,0,0,0,1,1,0,0,0,1,FGOALS-g1.0
1466,1,0,0,0,0,0,0,1,1,0,0,0,1,FGOALS-g1.0
1467,1,0,0,0,0,0,0,1,1,0,0,0,1,FGOALS-g1.0
1468,1,0,0,0,0,0,0,1,1,0,0,0,1,FGOALS-g1.0
1469,1,0,0,0,0,0,0,1,1,0,0,0,1,MRI-CGM2.3.2
1470,1,0,0,0,0,0,0,1,1,0,0,0,1,MRI-CGM2.3.2
1471,1,0,0,0,0,0,0,1,1,0,0,0,1,MRI-CGM2.3.2
1472,1,0,0,0,0,0,0,1,1,0,0,0,1,MRI-CGM2.3.2
1473,1,0,0,0,0,0,0,1,1,0,0,0,1,MRI-CGM2.3.2
1474,1,0,0,0,0,0,0,1,1,0,0,0,1,MRI-CGM2.3.2
1475,1,0,0,0,0,0,0,1,1,0,0,0,1,MRI-CGM2.3.2
1476,1,0,0,0,0,0,0,1,1,0,0,0,1,PCM
1477,1,0,0,0,0,0,0,1,1,0,0,0,1,PCM
1478,1,0,0,0,0,0,0,1,1,0,0,0,1,PCM
1479,1,0,0,0,0,0,0,1,1,0,0,0,1,PCM
1480,1,0,0,0,0,0,0,1,1,0,0,0,1,PCM
1481,1,0,0,0,0,0,0,1,1,0,0,0,1,PCM
1482,1,0,0,0,0,0,0,1,1,0,0,0,1,PCM
1483,1,0,0,0,0,0,0,1,1,0,0,0,1,PCM
1484,1,0,0,0,0,0,0,1,1,0,0,0,1,UKMO-HadCM3
1485,1,0,0,0,0,0,0,1,1,0,0,0,1,UKMO-HadCM3
1486,1,0,0,0,0,0,0,1,1,0,0,0,1,UKMO-HadCM3
1487,1,0,0,0,0,0,0,1,1,0,0,0,1,UKMO-HadCM3
1488,1,0,0,0,0,0,0,1,1,0,0,0,1,UKMO-HadCM3
1489,1,0,0,0,0,0,0,1,1,0,0,0,1,UKMO-HadCM3
1490,1,0,0,0,0,0,0,1,1,0,0,0,1,UKMO-HadGEM
1491,1,0,0,0,0,0,0,1,1,0,0,0,1,UKMO-HadGEM
1492,1,0,0,0,0,0,0,1,1,0,0,0,1,UKMO-HadGEM
1493,1,0,0,0,0,0,0,1,1,0,0,0,1,UKMO-HadGEM
1494,1,0,0,0,0,0,0,1,1,0,0,0,1,UKMO-HadGEM
1495,1,0,0,0,0,0,0,1,1,0,0,0,1,UKMO-HadGEM
1496,1,0,0,0,0,1,0,0,0,0,1,0,0,CLIMLAB 
1497,1,0,0,0,0,1,0,0,0,0,1,0,0,CLIMLAB 
1498,1,0,0,0,0,1,0,0,0,0,1,0,0,CLIMLAB 
1499,1,0,0,0,0,1,0,0,0,0,1,0,0,CLIMLAB 
1500,1,0,0,0,0,1,0,0,0,0,1,0,0,CLIMLAB 
1501,1,0,0,0,0,1,0,0,0,0,1,0,0,CLIMLAB 
1502,1,0,0,0,0,1,0,0,0,0,1,0,0,CLIMLAB 
1503,1,0,0,0,0,1,0,0,0,0,1,0,0,CLIMLAB 
1504,1,0,0,0,0,1,0,0,0,0,1,0,0,CLIMLAB 
1505,1,0,0,0,0,1,0,0,0,0,1,0,0,CLIMLAB 
1506,1,0,1,0,1,0,0,1,1,0,0,0,1,CMIP5
1507,1,0,1,0,1,0,0,1,1,0,0,0,1,CMIP5
1508,1,0,1,0,1,0,0,1,1,0,0,0,1,CMIP5
1509,1,0,1,0,1,0,0,1,1,0,0,0,1,CMIP5
1510,1,0,1,0,1,0,0,1,1,0,0,0,1,CMIP5
1511,1,0,1,0,1,0,0,1,1,0,0,0,1,CMIP5
1512,1,0,1,0,1,0,0,1,1,0,0,0,1,CMIP5
1513,1,0,1,0,1,0,0,1,1,0,0,0,1,CMIP5
1514,1,0,1,0,1,0,0,1,1,0,0,0,1,CMIP5
1515,1,0,1,0,1,0,0,1,1,0,0,0,1,CMIP5
1516,0,1,0,0,1,0,0,0,0,0,0,1,0,CFSv2
1517,0,1,0,0,1,0,0,0,0,0,0,1,0,CFSv2
1518,0,1,0,0,1,0,0,0,0,0,0,1,0,CFSv2
1519,0,1,0,0,1,0,0,0,0,0,0,1,0,CFSv2
1520,0,1,0,0,1,0,0,0,0,0,0,1,0,CFSv2
1521,0,1,0,0,1,0,0,0,0,0,0,1,0,CFSv2
1522,0,1,0,0,1,0,0,0,0,0,0,1,0,CFSv2
1523,0,1,0,0,1,0,0,0,0,0,0,1,0,CFSv2
1524,0,1,0,0,1,0,0,0,0,0,0,1,0,CFSv2
1525,0,1,0,0,1,0,0,0,0,0,0,1,0,CFSv2
1526,1,0,0,0,1,1,1,1,1,0,0,0,1,SYMPL CLIMT
1527,1,0,0,0,1,1,1,1,1,0,0,0,1,SYMPL CLIMT
1528,1,0,0,0,1,1,1,1,1,0,0,0,1,SYMPL CLIMT
1529,1,0,0,0,1,1,1,1,1,0,0,0,1,SYMPL CLIMT
1530,1,0,0,0,1,1,1,1,1,0,0,0,1,SYMPL CLIMT
1531,1,0,0,0,1,1,1,1,1,0,0,0,1,SYMPL CLIMT
1532,1,0,0,0,1,1,1,1,1,0,0,0,1,SYMPL CLIMT
1533,1,0,0,0,1,1,1,1,1,0,0,0,1,SYMPL CLIMT
1534,1,0,0,0,1,1,1,1,1,0,0,0,1,SYMPL CLIMT
1535,1,0,0,0,1,1,1,1,1,0,0,0,1,SYMPL CLIMT
1536,1,0,0,0,0,0,0,1,1,0,0,0,1,CCSM3
1537,1,0,0,0,0,0,0,1,1,0,0,0,1,CCSM3
1538,1,0,0,0,0,0,0,1,1,0,0,0,1,CCSM3
1539,1,0,0,0,0,0,0,1,1,0,0,0,1,CCSM3
1540,1,0,0,0,0,0,0,1,1,0,0,0,1,CCSM3
1541,1,0,0,0,0,0,0,1,1,0,0,0,1,CCSM3
1542,1,0,0,0,0,0,0,1,1,0,0,0,1,CCSM3
1543,1,0,0,0,0,0,0,1,1,0,0,0,1,CCSM3
1544,1,0,0,0,0,0,0,1,1,0,0,0,1,CCSM3
1545,1,0,0,0,0,0,0,1,1,0,0,0,1,CCSM3
1546,1,0,0,0,0,0,0,1,1,0,0,0,1,CGCM3.1
1547,1,0,0,0,0,0,0,1,1,0,0,0,1,CGCM3.1
1548,1,0,0,0,0,0,0,1,1,0,0,0,1,CGCM3.1
1549,1,0,0,0,0,0,0,1,1,0,0,0,1,CGCM3.1
1550,1,0,0,0,0,0,0,1,1,0,0,0,1,CGCM3.1
1551,1,0,0,0,0,0,0,1,1,0,0,0,1,CGCM3.1
1552,1,0,0,0,0,0,0,1,1,0,0,0,1,CGCM3.1
1553,1,0,0,0,0,0,0,1,1,0,0,0,1,CGCM3.1
1554,1,0,0,0,0,0,0,1,1,0,0,0,1,CGCM3.1
1555,1,0,0,0,0,0,0,1,1,0,0,0,1,CGCM3.1
1556,1,0,0,0,0,0,0,1,1,0,0,0,1,CGCM3.1
1557,1,0,0,0,0,0,0,1,1,0,0,0,1,CNRM-CM3
1558,1,0,0,0,0,0,0,1,1,0,0,0,1,CNRM-CM3
1559,1,0,0,0,0,0,0,1,1,0,0,0,1,CNRM-CM3
1560,1,0,0,0,0,0,0,1,1,0,0,0,1,CNRM-CM3
1561,1,0,0,0,0,0,0,1,1,0,0,0,1,CNRM-CM3
1562,1,0,0,0,0,0,0,1,1,0,0,0,1,CNRM-CM3
1563,1,0,0,0,0,0,0,1,1,0,0,0,1,CNRM-CM3
1564,1,0,0,0,0,0,0,1,1,0,0,0,1,CNRM-CM3
1565,1,0,0,0,0,0,0,1,1,0,0,0,1,CNRM-CM3
1566,1,0,0,0,0,0,0,1,1,0,0,0,1,CSIRO-MK3.0
1567,1,0,0,0,0,0,0,1,1,0,0,0,1,CSIRO-MK3.0
1568,1,0,0,0,0,0,0,1,1,0,0,0,1,CSIRO-MK3.0
1569,1,0,0,0,0,0,0,1,1,0,0,0,1,CSIRO-MK3.0
1570,1,0,0,0,0,0,0,1,1,0,0,0,1,CSIRO-MK3.0
1571,1,0,0,0,0,0,0,1,1,0,0,0,1,CSIRO-MK3.0
1572,1,0,0,0,0,0,0,1,1,0,0,0,1,CSIRO-MK3.0
1573,1,0,0,0,0,0,0,1,1,0,0,0,1,CSIRO-MK3.0
1574,1,0,0,0,0,0,0,1,1,0,0,0,1,CSIRO-MK3.0
1575,1,0,0,0,0,0,0,1,1,0,0,0,1,ECHAM5/MPI-OM
1576,1,0,0,0,0,0,0,1,1,0,0,0,1,ECHAM5/MPI-OM
1577,1,0,0,0,0,0,0,1,1,0,0,0,1,ECHAM5/MPI-OM
1578,1,0,0,0,0,0,0,1,1,0,0,0,1,ECHAM5/MPI-OM
1579,1,0,0,0,0,0,0,1,1,0,0,0,1,ECHAM5/MPI-OM
1580,1,0,0,0,0,0,0,1,1,0,0,0,1,ECHAM5/MPI-OM
1581,1,0,0,0,0,0,0,1,1,0,0,0,1,ECHAM5/MPI-OM
1582,1,0,0,0,0,0,0,1,1,0,0,0,1,ECHAM5/MPI-OM
1583,1,0,0,0,0,0,0,1,1,0,0,0,1,ECHAM5/MPI-OM
1584,1,0,0,0,0,0,0,1,1,0,0,0,1,ECHO-G
1585,1,0,0,0,0,0,0,1,1,0,0,0,1,ECHO-G
1586,1,0,0,0,0,0,0,1,1,0,0,0,1,ECHO-G
1587,1,0,0,0,0,0,0,1,1,0,0,0,1,ECHO-G
1588,1,0,0,0,0,0,0,1,1,0,0,0,1,ECHO-G
1589,1,0,0,0,0,0,0,1,1,0,0,0,1,ECHO-G
1590,1,0,0,0,0,0,0,1,1,0,0,0,1,ECHO-G
1591,1,0,0,0,0,0,0,1,1,0,0,0,1,ECHO-G
1592,1,0,0,0,0,0,0,1,1,0,0,0,1,ECHO-G
1593,1,0,0,0,0,0,0,1,1,0,0,0,1,FGOALS-g1.0
1594,1,0,0,0,0,0,0,1,1,0,0,0,1,FGOALS-g1.0
1595,1,0,0,0,0,0,0,1,1,0,0,0,1,FGOALS-g1.0
1596,1,0,0,0,0,0,0,1,1,0,0,0,1,FGOALS-g1.0
1597,1,0,0,0,0,0,0,1,1,0,0,0,1,FGOALS-g1.0
1598,1,0,0,0,0,0,0,1,1,0,0,0,1,FGOALS-g1.0
1599,1,0,0,0,0,0,0,1,1,0,0,0,1,FGOALS-g1.0
1600,1,0,0,0,0,0,0,1,1,0,0,0,1,FGOALS-g1.0
1601,1,0,0,0,0,0,0,1,1,0,0,0,1,FGOALS-g1.0
1602,1,0,0,0,0,0,0,1,1,0,0,0,1,FGOALS-g1.0
1603,1,0,0,0,0,0,0,1,1,0,0,0,1,FGOALS-g1.0
1604,1,0,0,0,0,0,0,1,1,0,0,0,1,FGOALS-g1.0
1605,1,0,0,0,0,0,0,1,1,0,0,0,1,MRI-CGM2.3.2
1606,1,0,0,0,0,0,0,1,1,0,0,0,1,MRI-CGM2.3.2
1607,1,0,0,0,0,0,0,1,1,0,0,0,1,MRI-CGM2.3.2
1608,1,0,0,0,0,0,0,1,1,0,0,0,1,MRI-CGM2.3.2
1609,1,0,0,0,0,0,0,1,1,0,0,0,1,MRI-CGM2.3.2
1610,1,0,0,0,0,0,0,1,1,0,0,0,1,MRI-CGM2.3.2
1611,1,0,0,0,0,0,0,1,1,0,0,0,1,MRI-CGM2.3.2
1612,1,0,0,0,0,0,0,1,1,0,0,0,1,PCM
1613,1,0,0,0,0,0,0,1,1,0,0,0,1,PCM
1614,1,0,0,0,0,0,0,1,1,0,0,0,1,PCM
1615,1,0,0,0,0,0,0,1,1,0,0,0,1,PCM
1616,1,0,0,0,0,0,0,1,1,0,0,0,1,PCM
1617,1,0,0,0,0,0,0,1,1,0,0,0,1,PCM
1618,1,0,0,0,0,0,0,1,1,0,0,0,1,PCM
1619,1,0,0,0,0,0,0,1,1,0,0,0,1,PCM
1620,1,0,0,0,0,0,0,1,1,0,0,0,1,UKMO-HadCM3
1621,1,0,0,0,0,0,0,1,1,0,0,0,1,UKMO-HadCM3
1622,1,0,0,0,0,0,0,1,1,0,0,0,1,UKMO-HadCM3
1623,1,0,0,0,0,0,0,1,1,0,0,0,1,UKMO-HadCM3
1624,1,0,0,0,0,0,0,1,1,0,0,0,1,UKMO-HadCM3
1625,1,0,0,0,0,0,0,1,1,0,0,0,1,UKMO-HadCM3
1626,1,0,0,0,0,0,0,1,1,0,0,0,1,UKMO-HadGEM
1627,1,0,0,0,0,0,0,1,1,0,0,0,1,UKMO-HadGEM
1628,1,0,0,0,0,0,0,1,1,0,0,0,1,UKMO-HadGEM
1629,1,0,0,0,0,0,0,1,1,0,0,0,1,UKMO-HadGEM
1630,1,0,0,0,0,0,0,1,1,0,0,0,1,UKMO-HadGEM
1631,1,0,0,0,0,0,0,1,1,0,0,0,1,UKMO-HadGEM
1632,1,0,0,0,0,1,0,0,0,0,1,0,0,CLIMLAB 
1633,1,0,0,0,0,1,0,0,0,0,1,0,0,CLIMLAB 
1634,1,0,0,0,0,1,0,0,0,0,1,0,0,CLIMLAB 
1635,1,0,0,0,0,1,0,0,0,0,1,0,0,CLIMLAB 
1636,1,0,0,0,0,1,0,0,0,0,1,0,0,CLIMLAB 
1637,1,0,0,0,0,1,0,0,0,0,1,0,0,CLIMLAB 
1638,1,0,0,0,0,1,0,0,0,0,1,0,0,CLIMLAB 
1639,1,0,0,0,0,1,0,0,0,0,1,0,0,CLIMLAB 
1640,1,0,0,0,0,1,0,0,0,0,1,0,0,CLIMLAB 
1641,1,0,0,0,0,1,0,0,0,0,1,0,0,CLIMLAB 
1642,1,0,1,0,1,0,0,1,1,0,0,0,1,CMIP5
1643,1,0,1,0,1,0,0,1,1,0,0,0,1,CMIP5
1644,1,0,1,0,1,0,0,1,1,0,0,0,1,CMIP5
1645,1,0,1,0,1,0,0,1,1,0,0,0,1,CMIP5
1646,1,0,1,0,1,0,0,1,1,0,0,0,1,CMIP5
1647,1,0,1,0,1,0,0,1,1,0,0,0,1,CMIP5
1648,1,0,1,0,1,0,0,1,1,0,0,0,1,CMIP5
1649,1,0,1,0,1,0,0,1,1,0,0,0,1,CMIP5
1650,1,0,1,0,1,0,0,1,1,0,0,0,1,CMIP5
1651,1,0,1,0,1,0,0,1,1,0,0,0,1,CMIP5
1652,0,1,0,0,1,0,0,0,0,0,0,1,0,CFSv2
1653,0,1,0,0,1,0,0,0,0,0,0,1,0,CFSv2
1654,0,1,0,0,1,0,0,0,0,0,0,1,0,CFSv2
1655,0,1,0,0,1,0,0,0,0,0,0,1,0,CFSv2
1656,0,1,0,0,1,0,0,0,0,0,0,1,0,CFSv2
1657,0,1,0,0,1,0,0,0,0,0,0,1,0,CFSv2
1658,0,1,0,0,1,0,0,0,0,0,0,1,0,CFSv2
1659,0,1,0,0,1,0,0,0,0,0,0,1,0,CFSv2
1660,0,1,0,0,1,0,0,0,0,0,0,1,0,CFSv2
1661,0,1,0,0,1,0,0,0,0,0,0,1,0,CFSv2
1662,1,0,0,0,1,1,1,1,1,0,0,0,1,SYMPL CLIMT
1663,1,0,0,0,1,1,1,1,1,0,0,0,1,SYMPL CLIMT
1664,1,0,0,0,1,1,1,1,1,0,0,0,1,SYMPL CLIMT
1665,1,0,0,0,1,1,1,1,1,0,0,0,1,SYMPL CLIMT
1666,1,0,0,0,1,1,1,1,1,0,0,0,1,SYMPL CLIMT
1667,1,0,0,0,1,1,1,1,1,0,0,0,1,SYMPL CLIMT
1668,1,0,0,0,1,1,1,1,1,0,0,0,1,SYMPL CLIMT
1669,1,0,0,0,1,1,1,1,1,0,0,0,1,SYMPL CLIMT
1670,1,0,0,0,1,1,1,1,1,0,0,0,1,SYMPL CLIMT
1671,1,0,0,0,1,1,1,1,1,0,0,0,1,SYMPL CLIMT
1672,1,0,0,0,0,0,0,1,1,0,0,0,1,CCSM3
1673,1,0,0,0,0,0,0,1,1,0,0,0,1,CCSM3
1674,1,0,0,0,0,0,0,1,1,0,0,0,1,CCSM3
1675,1,0,0,0,0,0,0,1,1,0,0,0,1,CCSM3
1676,1,0,0,0,0,0,0,1,1,0,0,0,1,CCSM3
1677,1,0,0,0,0,0,0,1,1,0,0,0,1,CCSM3
1678,1,0,0,0,0,0,0,1,1,0,0,0,1,CCSM3
1679,1,0,0,0,0,0,0,1,1,0,0,0,1,CCSM3
1680,1,0,0,0,0,0,0,1,1,0,0,0,1,CCSM3
1681,1,0,0,0,0,0,0,1,1,0,0,0,1,CCSM3
1682,1,0,0,0,0,0,0,1,1,0,0,0,1,CGCM3.1
1683,1,0,0,0,0,0,0,1,1,0,0,0,1,CGCM3.1
1684,1,0,0,0,0,0,0,1,1,0,0,0,1,CGCM3.1
1685,1,0,0,0,0,0,0,1,1,0,0,0,1,CGCM3.1
1686,1,0,0,0,0,0,0,1,1,0,0,0,1,CGCM3.1
1687,1,0,0,0,0,0,0,1,1,0,0,0,1,CGCM3.1
1688,1,0,0,0,0,0,0,1,1,0,0,0,1,CGCM3.1
1689,1,0,0,0,0,0,0,1,1,0,0,0,1,CGCM3.1
1690,1,0,0,0,0,0,0,1,1,0,0,0,1,CGCM3.1
1691,1,0,0,0,0,0,0,1,1,0,0,0,1,CGCM3.1
1692,1,0,0,0,0,0,0,1,1,0,0,0,1,CGCM3.1
1693,1,0,0,0,0,0,0,1,1,0,0,0,1,CNRM-CM3
1694,1,0,0,0,0,0,0,1,1,0,0,0,1,CNRM-CM3
1695,1,0,0,0,0,0,0,1,1,0,0,0,1,CNRM-CM3
1696,1,0,0,0,0,0,0,1,1,0,0,0,1,CNRM-CM3
1697,1,0,0,0,0,0,0,1,1,0,0,0,1,CNRM-CM3
1698,1,0,0,0,0,0,0,1,1,0,0,0,1,CNRM-CM3
1699,1,0,0,0,0,0,0,1,1,0,0,0,1,CNRM-CM3
1700,1,0,0,0,0,0,0,1,1,0,0,0,1,CNRM-CM3
1701,1,0,0,0,0,0,0,1,1,0,0,0,1,CNRM-CM3
1702,1,0,0,0,0,0,0,1,1,0,0,0,1,CSIRO-MK3.0
1703,1,0,0,0,0,0,0,1,1,0,0,0,1,CSIRO-MK3.0
1704,1,0,0,0,0,0,0,1,1,0,0,0,1,CSIRO-MK3.0
1705,1,0,0,0,0,0,0,1,1,0,0,0,1,CSIRO-MK3.0
1706,1,0,0,0,0,0,0,1,1,0,0,0,1,CSIRO-MK3.0
1707,1,0,0,0,0,0,0,1,1,0,0,0,1,CSIRO-MK3.0
1708,1,0,0,0,0,0,0,1,1,0,0,0,1,CSIRO-MK3.0
1709,1,0,0,0,0,0,0,1,1,0,0,0,1,CSIRO-MK3.0
1710,1,0,0,0,0,0,0,1,1,0,0,0,1,CSIRO-MK3.0
1711,1,0,0,0,0,0,0,1,1,0,0,0,1,ECHAM5/MPI-OM
1712,1,0,0,0,0,0,0,1,1,0,0,0,1,ECHAM5/MPI-OM
1713,1,0,0,0,0,0,0,1,1,0,0,0,1,ECHAM5/MPI-OM
1714,1,0,0,0,0,0,0,1,1,0,0,0,1,ECHAM5/MPI-OM
1715,1,0,0,0,0,0,0,1,1,0,0,0,1,ECHAM5/MPI-OM
1716,1,0,0,0,0,0,0,1,1,0,0,0,1,ECHAM5/MPI-OM
1717,1,0,0,0,0,0,0,1,1,0,0,0,1,ECHAM5/MPI-OM
1718,1,0,0,0,0,0,0,1,1,0,0,0,1,ECHAM5/MPI-OM
1719,1,0,0,0,0,0,0,1,1,0,0,0,1,ECHAM5/MPI-OM
1720,1,0,0,0,0,0,0,1,1,0,0,0,1,ECHO-G
1721,1,0,0,0,0,0,0,1,1,0,0,0,1,ECHO-G
1722,1,0,0,0,0,0,0,1,1,0,0,0,1,ECHO-G
1723,1,0,0,0,0,0,0,1,1,0,0,0,1,ECHO-G
1724,1,0,0,0,0,0,0,1,1,0,0,0,1,ECHO-G
1725,1,0,0,0,0,0,0,1,1,0,0,0,1,ECHO-G
1726,1,0,0,0,0,0,0,1,1,0,0,0,1,ECHO-G
1727,1,0,0,0,0,0,0,1,1,0,0,0,1,ECHO-G
1728,1,0,0,0,0,0,0,1,1,0,0,0,1,ECHO-G
1729,1,0,0,0,0,0,0,1,1,0,0,0,1,FGOALS-g1.0
1730,1,0,0,0,0,0,0,1,1,0,0,0,1,FGOALS-g1.0
1731,1,0,0,0,0,0,0,1,1,0,0,0,1,FGOALS-g1.0
1732,1,0,0,0,0,0,0,1,1,0,0,0,1,FGOALS-g1.0
1733,1,0,0,0,0,0,0,1,1,0,0,0,1,FGOALS-g1.0
1734,1,0,0,0,0,0,0,1,1,0,0,0,1,FGOALS-g1.0
1735,1,0,0,0,0,0,0,1,1,0,0,0,1,FGOALS-g1.0
1736,1,0,0,0,0,0,0,1,1,0,0,0,1,FGOALS-g1.0
1737,1,0,0,0,0,0,0,1,1,0,0,0,1,FGOALS-g1.0
1738,1,0,0,0,0,0,0,1,1,0,0,0,1,FGOALS-g1.0
1739,1,0,0,0,0,0,0,1,1,0,0,0,1,FGOALS-g1.0
1740,1,0,0,0,0,0,0,1,1,0,0,0,1,FGOALS-g1.0
1741,1,0,0,0,0,0,0,1,1,0,0,0,1,MRI-CGM2.3.2
1742,1,0,0,0,0,0,0,1,1,0,0,0,1,MRI-CGM2.3.2
1743,1,0,0,0,0,0,0,1,1,0,0,0,1,MRI-CGM2.3.2
1744,1,0,0,0,0,0,0,1,1,0,0,0,1,MRI-CGM2.3.2
1745,1,0,0,0,0,0,0,1,1,0,0,0,1,MRI-CGM2.3.2
1746,1,0,0,0,0,0,0,1,1,0,0,0,1,MRI-CGM2.3.2
1747,1,0,0,0,0,0,0,1,1,0,0,0,1,MRI-CGM2.3.2
1748,1,0,0,0,0,0,0,1,1,0,0,0,1,PCM
1749,1,0,0,0,0,0,0,1,1,0,0,0,1,PCM
1750,1,0,0,0,0,0,0,1,1,0,0,0,1,PCM
1751,1,0,0,0,0,0,0,1,1,0,0,0,1,PCM
1752,1,0,0,0,0,0,0,1,1,0,0,0,1,PCM
1753,1,0,0,0,0,0,0,1,1,0,0,0,1,PCM
1754,1,0,0,0,0,0,0,1,1,0,0,0,1,PCM
1755,1,0,0,0,0,0,0,1,1,0,0,0,1,PCM
1756,1,0,0,0,0,0,0,1,1,0,0,0,1,UKMO-HadCM3
1757,1,0,0,0,0,0,0,1,1,0,0,0,1,UKMO-HadCM3
1758,1,0,0,0,0,0,0,1,1,0,0,0,1,UKMO-HadCM3
1759,1,0,0,0,0,0,0,1,1,0,0,0,1,UKMO-HadCM3
1760,1,0,0,0,0,0,0,1,1,0,0,0,1,UKMO-HadCM3
1761,1,0,0,0,0,0,0,1,1,0,0,0,1,UKMO-HadCM3
1762,1,0,0,0,0,0,0,1,1,0,0,0,1,UKMO-HadGEM
1763,1,0,0,0,0,0,0,1,1,0,0,0,1,UKMO-HadGEM
1764,1,0,0,0,0,0,0,1,1,0,0,0,1,UKMO-HadGEM
1765,1,0,0,0,0,0,0,1,1,0,0,0,1,UKMO-HadGEM
1766,1,0,0,0,0,0,0,1,1,0,0,0,1,UKMO-HadGEM
1767,1,0,0,0,0,0,0,1,1,0,0,0,1,UKMO-HadGEM
1768,1,0,0,0,0,1,0,0,0,0,1,0,0,CLIMLAB 
1769,1,0,0,0,0,1,0,0,0,0,1,0,0,CLIMLAB 
1770,1,0,0,0,0,1,0,0,0,0,1,0,0,CLIMLAB 
1771,1,0,0,0,0,1,0,0,0,0,1,0,0,CLIMLAB 
1772,1,0,0,0,0,1,0,0,0,0,1,0,0,CLIMLAB 
1773,1,0,0,0,0,1,0,0,0,0,1,0,0,CLIMLAB 
1774,1,0,0,0,0,1,0,0,0,0,1,0,0,CLIMLAB 
1775,1,0,0,0,0,1,0,0,0,0,1,0,0,CLIMLAB 
1776,1,0,0,0,0,1,0,0,0,0,1,0,0,CLIMLAB 
1777,1,0,0,0,0,1,0,0,0,0,1,0,0,CLIMLAB 
1778,1,0,1,0,1,0,0,1,1,0,0,0,1,CMIP5
1779,1,0,1,0,1,0,0,1,1,0,0,0,1,CMIP5
1780,1,0,1,0,1,0,0,1,1,0,0,0,1,CMIP5
1781,1,0,1,0,1,0,0,1,1,0,0,0,1,CMIP5
1782,1,0,1,0,1,0,0,1,1,0,0,0,1,CMIP5
1783,1,0,1,0,1,0,0,1,1,0,0,0,1,CMIP5
1784,1,0,1,0,1,0,0,1,1,0,0,0,1,CMIP5
1785,1,0,1,0,1,0,0,1,1,0,0,0,1,CMIP5
1786,1,0,1,0,1,0,0,1,1,0,0,0,1,CMIP5
1787,1,0,1,0,1,0,0,1,1,0,0,0,1,CMIP5
1788,0,1,0,0,1,0,0,0,0,0,0,1,0,CFSv2
1789,0,1,0,0,1,0,0,0,0,0,0,1,0,CFSv2
1790,0,1,0,0,1,0,0,0,0,0,0,1,0,CFSv2
1791,0,1,0,0,1,0,0,0,0,0,0,1,0,CFSv2
1792,0,1,0,0,1,0,0,0,0,0,0,1,0,CFSv2
1793,0,1,0,0,1,0,0,0,0,0,0,1,0,CFSv2
1794,0,1,0,0,1,0,0,0,0,0,0,1,0,CFSv2
1795,0,1,0,0,1,0,0,0,0,0,0,1,0,CFSv2
1796,0,1,0,0,1,0,0,0,0,0,0,1,0,CFSv2
1797,0,1,0,0,1,0,0,0,0,0,0,1,0,CFSv2
1798,1,0,0,0,1,1,1,1,1,0,0,0,1,SYMPL CLIMT
1799,1,0,0,0,1,1,1,1,1,0,0,0,1,SYMPL CLIMT
1800,1,0,0,0,1,1,1,1,1,0,0,0,1,SYMPL CLIMT
1801,1,0,0,0,1,1,1,1,1,0,0,0,1,SYMPL CLIMT
1802,1,0,0,0,1,1,1,1,1,0,0,0,1,SYMPL CLIMT
1803,1,0,0,0,1,1,1,1,1,0,0,0,1,SYMPL CLIMT
1804,1,0,0,0,1,1,1,1,1,0,0,0,1,SYMPL CLIMT
1805,1,0,0,0,1,1,1,1,1,0,0,0,1,SYMPL CLIMT
1806,1,0,0,0,1,1,1,1,1,0,0,0,1,SYMPL CLIMT
1807,1,0,0,0,1,1,1,1,1,0,0,0,1,SYMPL CLIMT
1808,1,0,0,0,0,0,0,1,1,0,0,0,1,CCSM3
1809,1,0,0,0,0,0,0,1,1,0,0,0,1,CCSM3
1810,1,0,0,0,0,0,0,1,1,0,0,0,1,CCSM3
1811,1,0,0,0,0,0,0,1,1,0,0,0,1,CCSM3
1812,1,0,0,0,0,0,0,1,1,0,0,0,1,CCSM3
1813,1,0,0,0,0,0,0,1,1,0,0,0,1,CCSM3
1814,1,0,0,0,0,0,0,1,1,0,0,0,1,CCSM3
1815,1,0,0,0,0,0,0,1,1,0,0,0,1,CCSM3
1816,1,0,0,0,0,0,0,1,1,0,0,0,1,CCSM3
1817,1,0,0,0,0,0,0,1,1,0,0,0,1,CCSM3
1818,1,0,0,0,0,0,0,1,1,0,0,0,1,CGCM3.1
1819,1,0,0,0,0,0,0,1,1,0,0,0,1,CGCM3.1
1820,1,0,0,0,0,0,0,1,1,0,0,0,1,CGCM3.1
1821,1,0,0,0,0,0,0,1,1,0,0,0,1,CGCM3.1
1822,1,0,0,0,0,0,0,1,1,0,0,0,1,CGCM3.1
1823,1,0,0,0,0,0,0,1,1,0,0,0,1,CGCM3.1
1824,1,0,0,0,0,0,0,1,1,0,0,0,1,CGCM3.1
1825,1,0,0,0,0,0,0,1,1,0,0,0,1,CGCM3.1
1826,1,0,0,0,0,0,0,1,1,0,0,0,1,CGCM3.1
1827,1,0,0,0,0,0,0,1,1,0,0,0,1,CGCM3.1
1828,1,0,0,0,0,0,0,1,1,0,0,0,1,CGCM3.1
1829,1,0,0,0,0,0,0,1,1,0,0,0,1,CNRM-CM3
1830,1,0,0,0,0,0,0,1,1,0,0,0,1,CNRM-CM3
1831,1,0,0,0,0,0,0,1,1,0,0,0,1,CNRM-CM3
1832,1,0,0,0,0,0,0,1,1,0,0,0,1,CNRM-CM3
1833,1,0,0,0,0,0,0,1,1,0,0,0,1,CNRM-CM3
1834,1,0,0,0,0,0,0,1,1,0,0,0,1,CNRM-CM3
1835,1,0,0,0,0,0,0,1,1,0,0,0,1,CNRM-CM3
1836,1,0,0,0,0,0,0,1,1,0,0,0,1,CNRM-CM3
1837,1,0,0,0,0,0,0,1,1,0,0,0,1,CNRM-CM3
1838,1,0,0,0,0,0,0,1,1,0,0,0,1,CSIRO-MK3.0
1839,1,0,0,0,0,0,0,1,1,0,0,0,1,CSIRO-MK3.0
1840,1,0,0,0,0,0,0,1,1,0,0,0,1,CSIRO-MK3.0
1841,1,0,0,0,0,0,0,1,1,0,0,0,1,CSIRO-MK3.0
1842,1,0,0,0,0,0,0,1,1,0,0,0,1,CSIRO-MK3.0
1843,1,0,0,0,0,0,0,1,1,0,0,0,1,CSIRO-MK3.0
1844,1,0,0,0,0,0,0,1,1,0,0,0,1,CSIRO-MK3.0
1845,1,0,0,0,0,0,0,1,1,0,0,0,1,CSIRO-MK3.0
1846,1,0,0,0,0,0,0,1,1,0,0,0,1,CSIRO-MK3.0
1847,1,0,0,0,0,0,0,1,1,0,0,0,1,ECHAM5/MPI-OM
1848,1,0,0,0,0,0,0,1,1,0,0,0,1,ECHAM5/MPI-OM
1849,1,0,0,0,0,0,0,1,1,0,0,0,1,ECHAM5/MPI-OM
1850,1,0,0,0,0,0,0,1,1,0,0,0,1,ECHAM5/MPI-OM
1851,1,0,0,0,0,0,0,1,1,0,0,0,1,ECHAM5/MPI-OM
1852,1,0,0,0,0,0,0,1,1,0,0,0,1,ECHAM5/MPI-OM
1853,1,0,0,0,0,0,0,1,1,0,0,0,1,ECHAM5/MPI-OM
1854,1,0,0,0,0,0,0,1,1,0,0,0,1,ECHAM5/MPI-OM
1855,1,0,0,0,0,0,0,1,1,0,0,0,1,ECHAM5/MPI-OM
1856,1,0,0,0,0,0,0,1,1,0,0,0,1,ECHO-G
1857,1,0,0,0,0,0,0,1,1,0,0,0,1,ECHO-G
1858,1,0,0,0,0,0,0,1,1,0,0,0,1,ECHO-G
1859,1,0,0,0,0,0,0,1,1,0,0,0,1,ECHO-G
1860,1,0,0,0,0,0,0,1,1,0,0,0,1,ECHO-G
1861,1,0,0,0,0,0,0,1,1,0,0,0,1,ECHO-G
1862,1,0,0,0,0,0,0,1,1,0,0,0,1,ECHO-G
1863,1,0,0,0,0,0,0,1,1,0,0,0,1,ECHO-G
1864,1,0,0,0,0,0,0,1,1,0,0,0,1,ECHO-G
1865,1,0,0,0,0,0,0,1,1,0,0,0,1,FGOALS-g1.0
1866,1,0,0,0,0,0,0,1,1,0,0,0,1,FGOALS-g1.0
1867,1,0,0,0,0,0,0,1,1,0,0,0,1,FGOALS-g1.0
1868,1,0,0,0,0,0,0,1,1,0,0,0,1,FGOALS-g1.0
1869,1,0,0,0,0,0,0,1,1,0,0,0,1,FGOALS-g1.0
1870,1,0,0,0,0,0,0,1,1,0,0,0,1,FGOALS-g1.0
1871,1,0,0,0,0,0,0,1,1,0,0,0,1,FGOALS-g1.0
1872,1,0,0,0,0,0,0,1,1,0,0,0,1,FGOALS-g1.0
1873,1,0,0,0,0,0,0,1,1,0,0,0,1,FGOALS-g1.0
1874,1,0,0,0,0,0,0,1,1,0,0,0,1,FGOALS-g1.0
1875,1,0,0,0,0,0,0,1,1,0,0,0,1,FGOALS-g1.0
1876,1,0,0,0,0,0,0,1,1,0,0,0,1,FGOALS-g1.0
1877,1,0,0,0,0,0,0,1,1,0,0,0,1,MRI-CGM2.3.2
1878,1,0,0,0,0,0,0,1,1,0,0,0,1,MRI-CGM2.3.2
1879,1,0,0,0,0,0,0,1,1,0,0,0,1,MRI-CGM2.3.2
1880,1,0,0,0,0,0,0,1,1,0,0,0,1,MRI-CGM2.3.2
1881,1,0,0,0,0,0,0,1,1,0,0,0,1,MRI-CGM2.3.2
1882,1,0,0,0,0,0,0,1,1,0,0,0,1,MRI-CGM2.3.2
1883,1,0,0,0,0,0,0,1,1,0,0,0,1,MRI-CGM2.3.2
1884,1,0,0,0,0,0,0,1,1,0,0,0,1,PCM
1885,1,0,0,0,0,0,0,1,1,0,0,0,1,PCM
1886,1,0,0,0,0,0,0,1,1,0,0,0,1,PCM
1887,1,0,0,0,0,0,0,1,1,0,0,0,1,PCM
1888,1,0,0,0,0,0,0,1,1,0,0,0,1,PCM
1889,1,0,0,0,0,0,0,1,1,0,0,0,1,PCM
1890,1,0,0,0,0,0,0,1,1,0,0,0,1,PCM
1891,1,0,0,0,0,0,0,1,1,0,0,0,1,PCM
1892,1,0,0,0,0,0,0,1,1,0,0,0,1,UKMO-HadCM3
1893,1,0,0,0,0,0,0,1,1,0,0,0,1,UKMO-HadCM3
1894,1,0,0,0,0,0,0,1,1,0,0,0,1,UKMO-HadCM3
1895,1,0,0,0,0,0,0,1,1,0,0,0,1,UKMO-HadCM3
1896,1,0,0,0,0,0,0,1,1,0,0,0,1,UKMO-HadCM3
1897,1,0,0,0,0,0,0,1,1,0,0,0,1,UKMO-HadCM3
1898,1,0,0,0,0,0,0,1,1,0,0,0,1,UKMO-HadGEM
1899,1,0,0,0,0,0,0,1,1,0,0,0,1,UKMO-HadGEM
1900,1,0,0,0,0,0,0,1,1,0,0,0,1,UKMO-HadGEM
1901,1,0,0,0,0,0,0,1,1,0,0,0,1,UKMO-HadGEM
1902,1,0,0,0,0,0,0,1,1,0,0,0,1,UKMO-HadGEM
1903,1,0,0,0,0,0,0,1,1,0,0,0,1,UKMO-HadGEM
1904,1,0,0,0,0,1,0,0,0,0,1,0,0,CLIMLAB 
1905,1,0,0,0,0,1,0,0,0,0,1,0,0,CLIMLAB 
1906,1,0,0,0,0,1,0,0,0,0,1,0,0,CLIMLAB 
1907,1,0,0,0,0,1,0,0,0,0,1,0,0,CLIMLAB 
1908,1,0,0,0,0,1,0,0,0,0,1,0,0,CLIMLAB 
1909,1,0,0,0,0,1,0,0,0,0,1,0,0,CLIMLAB 
1910,1,0,0,0,0,1,0,0,0,0,1,0,0,CLIMLAB 
1911,1,0,0,0,0,1,0,0,0,0,1,0,0,CLIMLAB 
1912,1,0,0,0,0,1,0,0,0,0,1,0,0,CLIMLAB 
1913,1,0,0,0,0,1,0,0,0,0,1,0,0,CLIMLAB 
1914,1,0,1,0,1,0,0,1,1,0,0,0,1,CMIP5
1915,1,0,1,0,1,0,0,1,1,0,0,0,1,CMIP5
1916,1,0,1,0,1,0,0,1,1,0,0,0,1,CMIP5
1917,1,0,1,0,1,0,0,1,1,0,0,0,1,CMIP5
1918,1,0,1,0,1,0,0,1,1,0,0,0,1,CMIP5
1919,1,0,1,0,1,0,0,1,1,0,0,0,1,CMIP5
1920,1,0,1,0,1,0,0,1,1,0,0,0,1,CMIP5
1921,1,0,1,0,1,0,0,1,1,0,0,0,1,CMIP5
1922,1,0,1,0,1,0,0,1,1,0,0,0,1,CMIP5
1923,1,0,1,0,1,0,0,1,1,0,0,0,1,CMIP5
1924,0,1,0,0,1,0,0,0,0,0,0,1,0,CFSv2
1925,0,1,0,0,1,0,0,0,0,0,0,1,0,CFSv2
1926,0,1,0,0,1,0,0,0,0,0,0,1,0,CFSv2
1927,0,1,0,0,1,0,0,0,0,0,0,1,0,CFSv2
1928,0,1,0,0,1,0,0,0,0,0,0,1,0,CFSv2
1929,0,1,0,0,1,0,0,0,0,0,0,1,0,CFSv2
1930,0,1,0,0,1,0,0,0,0,0,0,1,0,CFSv2
1931,0,1,0,0,1,0,0,0,0,0,0,1,0,CFSv2
1932,0,1,0,0,1,0,0,0,0,0,0,1,0,CFSv2
1933,0,1,0,0,1,0,0,0,0,0,0,1,0,CFSv2
1934,1,0,0,0,1,1,1,1,1,0,0,0,1,SYMPL CLIMT
1935,1,0,0,0,1,1,1,1,1,0,0,0,1,SYMPL CLIMT
1936,1,0,0,0,1,1,1,1,1,0,0,0,1,SYMPL CLIMT
1937,1,0,0,0,1,1,1,1,1,0,0,0,1,SYMPL CLIMT
1938,1,0,0,0,1,1,1,1,1,0,0,0,1,SYMPL CLIMT
1939,1,0,0,0,1,1,1,1,1,0,0,0,1,SYMPL CLIMT
1940,1,0,0,0,1,1,1,1,1,0,0,0,1,SYMPL CLIMT
1941,1,0,0,0,1,1,1,1,1,0,0,0,1,SYMPL CLIMT
1942,1,0,0,0,1,1,1,1,1,0,0,0,1,SYMPL CLIMT
1943,1,0,0,0,1,1,1,1,1,0,0,0,1,SYMPL CLIMT
1944,1,0,0,0,0,0,0,1,1,0,0,0,1,CCSM3
1945,1,0,0,0,0,0,0,1,1,0,0,0,1,CCSM3
1946,1,0,0,0,0,0,0,1,1,0,0,0,1,CCSM3
1947,1,0,0,0,0,0,0,1,1,0,0,0,1,CCSM3
1948,1,0,0,0,0,0,0,1,1,0,0,0,1,CCSM3
1949,1,0,0,0,0,0,0,1,1,0,0,0,1,CCSM3
1950,1,0,0,0,0,0,0,1,1,0,0,0,1,CCSM3
1951,1,0,0,0,0,0,0,1,1,0,0,0,1,CCSM3
1952,1,0,0,0,0,0,0,1,1,0,0,0,1,CCSM3
1953,1,0,0,0,0,0,0,1,1,0,0,0,1,CCSM3
1954,1,0,0,0,0,0,0,1,1,0,0,0,1,CGCM3.1
1955,1,0,0,0,0,0,0,1,1,0,0,0,1,CGCM3.1
1956,1,0,0,0,0,0,0,1,1,0,0,0,1,CGCM3.1
1957,1,0,0,0,0,0,0,1,1,0,0,0,1,CGCM3.1
1958,1,0,0,0,0,0,0,1,1,0,0,0,1,CGCM3.1
1959,1,0,0,0,0,0,0,1,1,0,0,0,1,CGCM3.1
1960,1,0,0,0,0,0,0,1,1,0,0,0,1,CGCM3.1
1961,1,0,0,0,0,0,0,1,1,0,0,0,1,CGCM3.1
1962,1,0,0,0,0,0,0,1,1,0,0,0,1,CGCM3.1
1963,1,0,0,0,0,0,0,1,1,0,0,0,1,CGCM3.1
1964,1,0,0,0,0,0,0,1,1,0,0,0,1,CGCM3.1
1965,1,0,0,0,0,0,0,1,1,0,0,0,1,CNRM-CM3
1966,1,0,0,0,0,0,0,1,1,0,0,0,1,CNRM-CM3
1967,1,0,0,0,0,0,0,1,1,0,0,0,1,CNRM-CM3
1968,1,0,0,0,0,0,0,1,1,0,0,0,1,CNRM-CM3
1969,1,0,0,0,0,0,0,1,1,0,0,0,1,CNRM-CM3
1970,1,0,0,0,0,0,0,1,1,0,0,0,1,CNRM-CM3
1971,1,0,0,0,0,0,0,1,1,0,0,0,1,CNRM-CM3
1972,1,0,0,0,0,0,0,1,1,0,0,0,1,CNRM-CM3
1973,1,0,0,0,0,0,0,1,1,0,0,0,1,CNRM-CM3
1974,1,0,0,0,0,0,0,1,1,0,0,0,1,CSIRO-MK3.0
1975,1,0,0,0,0,0,0,1,1,0,0,0,1,CSIRO-MK3.0
1976,1,0,0,0,0,0,0,1,1,0,0,0,1,CSIRO-MK3.0
1977,1,0,0,0,0,0,0,1,1,0,0,0,1,CSIRO-MK3.0
1978,1,0,0,0,0,0,0,1,1,0,0,0,1,CSIRO-MK3.0
1979,1,0,0,0,0,0,0,1,1,0,0,0,1,CSIRO-MK3.0
1980,1,0,0,0,0,0,0,1,1,0,0,0,1,CSIRO-MK3.0
1981,1,0,0,0,0,0,0,1,1,0,0,0,1,CSIRO-MK3.0
1982,1,0,0,0,0,0,0,1,1,0,0,0,1,CSIRO-MK3.0
1983,1,0,0,0,0,0,0,1,1,0,0,0,1,ECHAM5/MPI-OM
1984,1,0,0,0,0,0,0,1,1,0,0,0,1,ECHAM5/MPI-OM
1985,1,0,0,0,0,0,0,1,1,0,0,0,1,ECHAM5/MPI-OM
1986,1,0,0,0,0,0,0,1,1,0,0,0,1,ECHAM5/MPI-OM
1987,1,0,0,0,0,0,0,1,1,0,0,0,1,ECHAM5/MPI-OM
1988,1,0,0,0,0,0,0,1,1,0,0,0,1,ECHAM5/MPI-OM
1989,1,0,0,0,0,0,0,1,1,0,0,0,1,ECHAM5/MPI-OM
1990,1,0,0,0,0,0,0,1,1,0,0,0,1,ECHAM5/MPI-OM
1991,1,0,0,0,0,0,0,1,1,0,0,0,1,ECHAM5/MPI-OM
1992,1,0,0,0,0,0,0,1,1,0,0,0,1,ECHO-G
1993,1,0,0,0,0,0,0,1,1,0,0,0,1,ECHO-G
1994,1,0,0,0,0,0,0,1,1,0,0,0,1,ECHO-G
1995,1,0,0,0,0,0,0,1,1,0,0,0,1,ECHO-G
1996,1,0,0,0,0,0,0,1,1,0,0,0,1,ECHO-G
1997,1,0,0,0,0,0,0,1,1,0,0,0,1,ECHO-G
1998,1,0,0,0,0,0,0,1,1,0,0,0,1,ECHO-G
1999,1,0,0,0,0,0,0,1,1,0,0,0,1,ECHO-G
2000,1,0,0,0,0,0,0,1,1,0,0,0,1,ECHO-G
2001,1,0,0,0,0,0,0,1,1,0,0,0,1,FGOALS-g1.0
2002,1,0,0,0,0,0,0,1,1,0,0,0,1,FGOALS-g1.0
2003,1,0,0,0,0,0,0,1,1,0,0,0,1,FGOALS-g1.0
2004,1,0,0,0,0,0,0,1,1,0,0,0,1,FGOALS-g1.0
2005,1,0,0,0,0,0,0,1,1,0,0,0,1,FGOALS-g1.0
2006,1,0,0,0,0,0,0,1,1,0,0,0,1,FGOALS-g1.0
2007,1,0,0,0,0,0,0,1,1,0,0,0,1,FGOALS-g1.0
2008,1,0,0,0,0,0,0,1,1,0,0,0,1,FGOALS-g1.0
2009,1,0,0,0,0,0,0,1,1,0,0,0,1,FGOALS-g1.0
2010,1,0,0,0,0,0,0,1,1,0,0,0,1,FGOALS-g1.0
2011,1,0,0,0,0,0,0,1,1,0,0,0,1,FGOALS-g1.0
2012,1,0,0,0,0,0,0,1,1,0,0,0,1,FGOALS-g1.0
2013,1,0,0,0,0,0,0,1,1,0,0,0,1,MRI-CGM2.3.2
2014,1,0,0,0,0,0,0,1,1,0,0,0,1,MRI-CGM2.3.2
2015,1,0,0,0,0,0,0,1,1,0,0,0,1,MRI-CGM2.3.2
2016,1,0,0,0,0,0,0,1,1,0,0,0,1,MRI-CGM2.3.2
2017,1,0,0,0,0,0,0,1,1,0,0,0,1,MRI-CGM2.3.2
2018,1,0,0,0,0,0,0,1,1,0,0,0,1,MRI-CGM2.3.2
2019,1,0,0,0,0,0,0,1,1,0,0,0,1,MRI-CGM2.3.2
2020,1,0,0,0,0,0,0,1,1,0,0,0,1,PCM
2021,1,0,0,0,0,0,0,1,1,0,0,0,1,PCM
2022,1,0,0,0,0,0,0,1,1,0,0,0,1,PCM
2023,1,0,0,0,0,0,0,1,1,0,0,0,1,PCM
2024,1,0,0,0,0,0,0,1,1,0,0,0,1,PCM
2025,1,0,0,0,0,0,0,1,1,0,0,0,1,PCM
2026,1,0,0,0,0,0,0,1,1,0,0,0,1,PCM
2027,1,0,0,0,0,0,0,1,1,0,0,0,1,PCM
2028,1,0,0,0,0,0,0,1,1,0,0,0,1,UKMO-HadCM3
2029,1,0,0,0,0,0,0,1,1,0,0,0,1,UKMO-HadCM3
2030,1,0,0,0,0,0,0,1,1,0,0,0,1,UKMO-HadCM3
2031,1,0,0,0,0,0,0,1,1,0,0,0,1,UKMO-HadCM3
2032,1,0,0,0,0,0,0,1,1,0,0,0,1,UKMO-HadCM3
2033,1,0,0,0,0,0,0,1,1,0,0,0,1,UKMO-HadCM3
2034,1,0,0,0,0,0,0,1,1,0,0,0,1,UKMO-HadGEM
2035,1,0,0,0,0,0,0,1,1,0,0,0,1,UKMO-HadGEM
2036,1,0,0,0,0,0,0,1,1,0,0,0,1,UKMO-HadGEM
2037,1,0,0,0,0,0,0,1,1,0,0,0,1,UKMO-HadGEM
2038,1,0,0,0,0,0,0,1,1,0,0,0,1,UKMO-HadGEM
2039,1,0,0,0,0,0,0,1,1,0,0,0,1,UKMO-HadGEM
2040,1,0,0,0,0,1,0,0,0,0,1,0,0,CLIMLAB 
2041,1,0,0,0,0,1,0,0,0,0,1,0,0,CLIMLAB 
2042,1,0,0,0,0,1,0,0,0,0,1,0,0,CLIMLAB 
2043,1,0,0,0,0,1,0,0,0,0,1,0,0,CLIMLAB 
2044,1,0,0,0,0,1,0,0,0,0,1,0,0,CLIMLAB 
2045,1,0,0,0,0,1,0,0,0,0,1,0,0,CLIMLAB 
2046,1,0,0,0,0,1,0,0,0,0,1,0,0,CLIMLAB 
2047,1,0,0,0,0,1,0,0,0,0,1,0,0,CLIMLAB 
2048,1,0,0,0,0,1,0,0,0,0,1,0,0,CLIMLAB 
2049,1,0,0,0,0,1,0,0,0,0,1,0,0,CLIMLAB 
2050,1,0,1,0,1,0,0,1,1,0,0,0,1,CMIP5
2051,1,0,1,0,1,0,0,1,1,0,0,0,1,CMIP5
2052,1,0,1,0,1,0,0,1,1,0,0,0,1,CMIP5
2053,1,0,1,0,1,0,0,1,1,0,0,0,1,CMIP5
2054,1,0,1,0,1,0,0,1,1,0,0,0,1,CMIP5
2055,1,0,1,0,1,0,0,1,1,0,0,0,1,CMIP5
2056,1,0,1,0,1,0,0,1,1,0,0,0,1,CMIP5
2057,1,0,1,0,1,0,0,1,1,0,0,0,1,CMIP5
2058,1,0,1,0,1,0,0,1,1,0,0,0,1,CMIP5
2059,1,0,1,0,1,0,0,1,1,0,0,0,1,CMIP5
2060,0,1,0,0,1,0,0,0,0,0,0,1,0,CFSv2
2061,0,1,0,0,1,0,0,0,0,0,0,1,0,CFSv2
2062,0,1,0,0,1,0,0,0,0,0,0,1,0,CFSv2
2063,0,1,0,0,1,0,0,0,0,0,0,1,0,CFSv2
2064,0,1,0,0,1,0,0,0,0,0,0,1,0,CFSv2
2065,0,1,0,0,1,0,0,0,0,0,0,1,0,CFSv2
2066,0,1,0,0,1,0,0,0,0,0,0,1,0,CFSv2
2067,0,1,0,0,1,0,0,0,0,0,0,1,0,CFSv2
2068,0,1,0,0,1,0,0,0,0,0,0,1,0,CFSv2
2069,0,1,0,0,1,0,0,0,0,0,0,1,0,CFSv2
2070,1,0,0,0,1,1,1,1,1,0,0,0,1,SYMPL CLIMT
2071,1,0,0,0,1,1,1,1,1,0,0,0,1,SYMPL CLIMT
2072,1,0,0,0,1,1,1,1,1,0,0,0,1,SYMPL CLIMT
2073,1,0,0,0,1,1,1,1,1,0,0,0,1,SYMPL CLIMT
2074,1,0,0,0,1,1,1,1,1,0,0,0,1,SYMPL CLIMT
2075,1,0,0,0,1,1,1,1,1,0,0,0,1,SYMPL CLIMT
2076,1,0,0,0,1,1,1,1,1,0,0,0,1,SYMPL CLIMT
2077,1,0,0,0,1,1,1,1,1,0,0,0,1,SYMPL CLIMT
2078,1,0,0,0,1,1,1,1,1,0,0,0,1,SYMPL CLIMT
2079,1,0,0,0,1,1,1,1,1,0,0,0,1,SYMPL CLIMT
2080,1,0,0,0,0,0,0,1,1,0,0,0,1,CCSM3
2081,1,0,0,0,0,0,0,1,1,0,0,0,1,CCSM3
2082,1,0,0,0,0,0,0,1,1,0,0,0,1,CCSM3
2083,1,0,0,0,0,0,0,1,1,0,0,0,1,CCSM3
2084,1,0,0,0,0,0,0,1,1,0,0,0,1,CCSM3
2085,1,0,0,0,0,0,0,1,1,0,0,0,1,CCSM3
2086,1,0,0,0,0,0,0,1,1,0,0,0,1,CCSM3
2087,1,0,0,0,0,0,0,1,1,0,0,0,1,CCSM3
2088,1,0,0,0,0,0,0,1,1,0,0,0,1,CCSM3
2089,1,0,0,0,0,0,0,1,1,0,0,0,1,CCSM3
2090,1,0,0,0,0,0,0,1,1,0,0,0,1,CGCM3.1
2091,1,0,0,0,0,0,0,1,1,0,0,0,1,CGCM3.1
2092,1,0,0,0,0,0,0,1,1,0,0,0,1,CGCM3.1
2093,1,0,0,0,0,0,0,1,1,0,0,0,1,CGCM3.1
2094,1,0,0,0,0,0,0,1,1,0,0,0,1,CGCM3.1
2095,1,0,0,0,0,0,0,1,1,0,0,0,1,CGCM3.1
2096,1,0,0,0,0,0,0,1,1,0,0,0,1,CGCM3.1
2097,1,0,0,0,0,0,0,1,1,0,0,0,1,CGCM3.1
2098,1,0,0,0,0,0,0,1,1,0,0,0,1,CGCM3.1
2099,1,0,0,0,0,0,0,1,1,0,0,0,1,CGCM3.1
2100,1,0,0,0,0,0,0,1,1,0,0,0,1,CGCM3.1
2101,1,0,0,0,0,0,0,1,1,0,0,0,1,CNRM-CM3
2102,1,0,0,0,0,0,0,1,1,0,0,0,1,CNRM-CM3
2103,1,0,0,0,0,0,0,1,1,0,0,0,1,CNRM-CM3
2104,1,0,0,0,0,0,0,1,1,0,0,0,1,CNRM-CM3
2105,1,0,0,0,0,0,0,1,1,0,0,0,1,CNRM-CM3
2106,1,0,0,0,0,0,0,1,1,0,0,0,1,CNRM-CM3
2107,1,0,0,0,0,0,0,1,1,0,0,0,1,CNRM-CM3
2108,1,0,0,0,0,0,0,1,1,0,0,0,1,CNRM-CM3
2109,1,0,0,0,0,0,0,1,1,0,0,0,1,CNRM-CM3
2110,1,0,0,0,0,0,0,1,1,0,0,0,1,CSIRO-MK3.0
2111,1,0,0,0,0,0,0,1,1,0,0,0,1,CSIRO-MK3.0
2112,1,0,0,0,0,0,0,1,1,0,0,0,1,CSIRO-MK3.0
2113,1,0,0,0,0,0,0,1,1,0,0,0,1,CSIRO-MK3.0
2114,1,0,0,0,0,0,0,1,1,0,0,0,1,CSIRO-MK3.0
2115,1,0,0,0,0,0,0,1,1,0,0,0,1,CSIRO-MK3.0
2116,1,0,0,0,0,0,0,1,1,0,0,0,1,CSIRO-MK3.0
2117,1,0,0,0,0,0,0,1,1,0,0,0,1,CSIRO-MK3.0
2118,1,0,0,0,0,0,0,1,1,0,0,0,1,CSIRO-MK3.0
2119,1,0,0,0,0,0,0,1,1,0,0,0,1,ECHAM5/MPI-OM
2120,1,0,0,0,0,0,0,1,1,0,0,0,1,ECHAM5/MPI-OM
2121,1,0,0,0,0,0,0,1,1,0,0,0,1,ECHAM5/MPI-OM
2122,1,0,0,0,0,0,0,1,1,0,0,0,1,ECHAM5/MPI-OM
2123,1,0,0,0,0,0,0,1,1,0,0,0,1,ECHAM5/MPI-OM
2124,1,0,0,0,0,0,0,1,1,0,0,0,1,ECHAM5/MPI-OM
2125,1,0,0,0,0,0,0,1,1,0,0,0,1,ECHAM5/MPI-OM
2126,1,0,0,0,0,0,0,1,1,0,0,0,1,ECHAM5/MPI-OM
2127,1,0,0,0,0,0,0,1,1,0,0,0,1,ECHAM5/MPI-OM
2128,1,0,0,0,0,0,0,1,1,0,0,0,1,ECHO-G
2129,1,0,0,0,0,0,0,1,1,0,0,0,1,ECHO-G
2130,1,0,0,0,0,0,0,1,1,0,0,0,1,ECHO-G
2131,1,0,0,0,0,0,0,1,1,0,0,0,1,ECHO-G
2132,1,0,0,0,0,0,0,1,1,0,0,0,1,ECHO-G
2133,1,0,0,0,0,0,0,1,1,0,0,0,1,ECHO-G
2134,1,0,0,0,0,0,0,1,1,0,0,0,1,ECHO-G
2135,1,0,0,0,0,0,0,1,1,0,0,0,1,ECHO-G
2136,1,0,0,0,0,0,0,1,1,0,0,0,1,ECHO-G
2137,1,0,0,0,0,0,0,1,1,0,0,0,1,FGOALS-g1.0
2138,1,0,0,0,0,0,0,1,1,0,0,0,1,FGOALS-g1.0
2139,1,0,0,0,0,0,0,1,1,0,0,0,1,FGOALS-g1.0
2140,1,0,0,0,0,0,0,1,1,0,0,0,1,FGOALS-g1.0
2141,1,0,0,0,0,0,0,1,1,0,0,0,1,FGOALS-g1.0
2142,1,0,0,0,0,0,0,1,1,0,0,0,1,FGOALS-g1.0
2143,1,0,0,0,0,0,0,1,1,0,0,0,1,FGOALS-g1.0
2144,1,0,0,0,0,0,0,1,1,0,0,0,1,FGOALS-g1.0
2145,1,0,0,0,0,0,0,1,1,0,0,0,1,FGOALS-g1.0
2146,1,0,0,0,0,0,0,1,1,0,0,0,1,FGOALS-g1.0
2147,1,0,0,0,0,0,0,1,1,0,0,0,1,FGOALS-g1.0
2148,1,0,0,0,0,0,0,1,1,0,0,0,1,FGOALS-g1.0
2149,1,0,0,0,0,0,0,1,1,0,0,0,1,MRI-CGM2.3.2
2150,1,0,0,0,0,0,0,1,1,0,0,0,1,MRI-CGM2.3.2
2151,1,0,0,0,0,0,0,1,1,0,0,0,1,MRI-CGM2.3.2
2152,1,0,0,0,0,0,0,1,1,0,0,0,1,MRI-CGM2.3.2
2153,1,0,0,0,0,0,0,1,1,0,0,0,1,MRI-CGM2.3.2
2154,1,0,0,0,0,0,0,1,1,0,0,0,1,MRI-CGM2.3.2
2155,1,0,0,0,0,0,0,1,1,0,0,0,1,MRI-CGM2.3.2
2156,1,0,0,0,0,0,0,1,1,0,0,0,1,PCM
2157,1,0,0,0,0,0,0,1,1,0,0,0,1,PCM
2158,1,0,0,0,0,0,0,1,1,0,0,0,1,PCM
2159,1,0,0,0,0,0,0,1,1,0,0,0,1,PCM
2160,1,0,0,0,0,0,0,1,1,0,0,0,1,PCM
2161,1,0,0,0,0,0,0,1,1,0,0,0,1,PCM
2162,1,0,0,0,0,0,0,1,1,0,0,0,1,PCM
2163,1,0,0,0,0,0,0,1,1,0,0,0,1,PCM
2164,1,0,0,0,0,0,0,1,1,0,0,0,1,UKMO-HadCM3
2165,1,0,0,0,0,0,0,1,1,0,0,0,1,UKMO-HadCM3
2166,1,0,0,0,0,0,0,1,1,0,0,0,1,UKMO-HadCM3
2167,1,0,0,0,0,0,0,1,1,0,0,0,1,UKMO-HadCM3
2168,1,0,0,0,0,0,0,1,1,0,0,0,1,UKMO-HadCM3
2169,1,0,0,0,0,0,0,1,1,0,0,0,1,UKMO-HadCM3
2170,1,0,0,0,0,0,0,1,1,0,0,0,1,UKMO-HadGEM
2171,1,0,0,0,0,0,0,1,1,0,0,0,1,UKMO-HadGEM
2172,1,0,0,0,0,0,0,1,1,0,0,0,1,UKMO-HadGEM
2173,1,0,0,0,0,0,0,1,1,0,0,0,1,UKMO-HadGEM
2174,1,0,0,0,0,0,0,1,1,0,0,0,1,UKMO-HadGEM
2175,1,0,0,0,0,0,0,1,1,0,0,0,1,UKMO-HadGEM
